2026-01-04 02:15:23,143 [INFO] BackupSystem: Starting OKX Historic Backup Tool
2026-01-04 02:15:23,215 [INFO] backup_service: Starting backup for instrument BTC-USDT
2026-01-04 02:15:23,219 [INFO] file_storage.storage_readers.local_storage_reader: No parquet files found for instrument BTC-USDT.
2026-01-04 02:15:23,219 [INFO] okx_trade_fetcher: Fetching trades for BTC-USDT after 1767398400000 before None
2026-01-04 02:15:23,584 [INFO] httpx: HTTP Request: GET https://www.okx.com/api/v5/market/history-trades?instId=BTC-USDT&after=1767398400000 "HTTP/2 200 OK"
2026-01-04 02:15:23,600 [INFO] okx_trade_fetcher: Fetching trades for BTC-USDT after 1137705264 before None
2026-01-04 02:15:23,886 [INFO] httpx: HTTP Request: GET https://www.okx.com/api/v5/market/history-trades?instId=BTC-USDT&after=1137705264 "HTTP/2 200 OK"
2026-01-04 02:15:23,887 [INFO] okx_trade_fetcher: Fetching trades for BTC-USDT after 1137705164 before None
2026-01-04 02:15:24,133 [INFO] httpx: HTTP Request: GET https://www.okx.com/api/v5/market/history-trades?instId=BTC-USDT&after=1137705164 "HTTP/2 200 OK"
2026-01-04 02:15:24,134 [INFO] okx_trade_fetcher: Fetching trades for BTC-USDT after 1137705064 before None
2026-01-04 02:15:24,364 [INFO] httpx: HTTP Request: GET https://www.okx.com/api/v5/market/history-trades?instId=BTC-USDT&after=1137705064 "HTTP/2 200 OK"
2026-01-04 02:15:24,364 [INFO] okx_trade_fetcher: Fetching trades for BTC-USDT after 1137704964 before None
2026-01-04 02:15:24,605 [INFO] httpx: HTTP Request: GET https://www.okx.com/api/v5/market/history-trades?instId=BTC-USDT&after=1137704964 "HTTP/2 200 OK"
2026-01-04 02:15:24,607 [INFO] okx_trade_fetcher: Fetching trades for BTC-USDT after 1137704864 before None
2026-01-04 02:15:24,852 [INFO] httpx: HTTP Request: GET https://www.okx.com/api/v5/market/history-trades?instId=BTC-USDT&after=1137704864 "HTTP/2 200 OK"
2026-01-04 02:15:24,853 [INFO] okx_trade_fetcher: Fetching trades for BTC-USDT after 1137704764 before None
2026-01-04 02:15:25,091 [INFO] httpx: HTTP Request: GET https://www.okx.com/api/v5/market/history-trades?instId=BTC-USDT&after=1137704764 "HTTP/2 200 OK"
2026-01-04 02:15:25,092 [INFO] okx_trade_fetcher: Fetching trades for BTC-USDT after 1137704664 before None
2026-01-04 02:15:25,289 [INFO] httpx: HTTP Request: GET https://www.okx.com/api/v5/market/history-trades?instId=BTC-USDT&after=1137704664 "HTTP/2 200 OK"
2026-01-04 02:15:25,290 [INFO] okx_trade_fetcher: Fetching trades for BTC-USDT after 1137704564 before None
2026-01-04 02:15:25,489 [INFO] httpx: HTTP Request: GET https://www.okx.com/api/v5/market/history-trades?instId=BTC-USDT&after=1137704564 "HTTP/2 200 OK"
2026-01-04 02:15:25,490 [INFO] okx_trade_fetcher: Fetching trades for BTC-USDT after 1137704464 before None
2026-01-04 02:15:25,730 [INFO] httpx: HTTP Request: GET https://www.okx.com/api/v5/market/history-trades?instId=BTC-USDT&after=1137704464 "HTTP/2 200 OK"
2026-01-04 02:15:25,731 [INFO] okx_trade_fetcher: Fetching trades for BTC-USDT after 1137704364 before None
2026-01-04 02:15:25,974 [INFO] httpx: HTTP Request: GET https://www.okx.com/api/v5/market/history-trades?instId=BTC-USDT&after=1137704364 "HTTP/2 200 OK"
2026-01-04 02:15:25,975 [INFO] okx_trade_fetcher: Fetching trades for BTC-USDT after 1137704264 before None
2026-01-04 02:15:26,215 [INFO] httpx: HTTP Request: GET https://www.okx.com/api/v5/market/history-trades?instId=BTC-USDT&after=1137704264 "HTTP/2 200 OK"
2026-01-04 02:15:26,216 [INFO] okx_trade_fetcher: Fetching trades for BTC-USDT after 1137704164 before None
2026-01-04 02:15:26,459 [INFO] httpx: HTTP Request: GET https://www.okx.com/api/v5/market/history-trades?instId=BTC-USDT&after=1137704164 "HTTP/2 200 OK"
2026-01-04 02:15:26,460 [INFO] okx_trade_fetcher: Fetching trades for BTC-USDT after 1137704064 before None
2026-01-04 02:15:26,694 [INFO] httpx: HTTP Request: GET https://www.okx.com/api/v5/market/history-trades?instId=BTC-USDT&after=1137704064 "HTTP/2 200 OK"
2026-01-04 02:15:26,695 [INFO] okx_trade_fetcher: Fetching trades for BTC-USDT after 1137703964 before None
2026-01-04 02:15:26,930 [INFO] httpx: HTTP Request: GET https://www.okx.com/api/v5/market/history-trades?instId=BTC-USDT&after=1137703964 "HTTP/2 200 OK"
2026-01-04 02:15:26,931 [INFO] okx_trade_fetcher: Fetching trades for BTC-USDT after 1137703864 before None
2026-01-04 02:15:27,183 [INFO] httpx: HTTP Request: GET https://www.okx.com/api/v5/market/history-trades?instId=BTC-USDT&after=1137703864 "HTTP/2 200 OK"
2026-01-04 02:15:27,185 [INFO] okx_trade_fetcher: Fetching trades for BTC-USDT after 1137703764 before None
2026-01-04 02:15:27,389 [INFO] httpx: HTTP Request: GET https://www.okx.com/api/v5/market/history-trades?instId=BTC-USDT&after=1137703764 "HTTP/2 200 OK"
2026-01-04 02:15:27,391 [INFO] okx_trade_fetcher: Fetching trades for BTC-USDT after 1137703664 before None
2026-01-04 02:15:27,631 [INFO] httpx: HTTP Request: GET https://www.okx.com/api/v5/market/history-trades?instId=BTC-USDT&after=1137703664 "HTTP/2 200 OK"
2026-01-04 02:15:27,632 [INFO] okx_trade_fetcher: Fetching trades for BTC-USDT after 1137703564 before None
2026-01-04 02:15:27,874 [INFO] httpx: HTTP Request: GET https://www.okx.com/api/v5/market/history-trades?instId=BTC-USDT&after=1137703564 "HTTP/2 200 OK"
2026-01-04 02:15:27,876 [INFO] okx_trade_fetcher: Fetching trades for BTC-USDT after 1137703464 before None
2026-01-04 02:15:28,119 [INFO] httpx: HTTP Request: GET https://www.okx.com/api/v5/market/history-trades?instId=BTC-USDT&after=1137703464 "HTTP/2 200 OK"
2026-01-04 02:15:28,143 [INFO] file_storage.storage_router: Flushing 2000 BTC-USDT records for 2026-01-04
2026-01-04 02:15:28,143 [INFO] file_storage.storage_writers.local_storage_writer: Saving table to BTC-USDT/2026/1/4.parquet
2026-01-04 02:15:28,154 [INFO] file_storage.storage_router: Clearing buffer for 2026-01-04
2026-01-04 02:15:28,154 [INFO] okx_trade_fetcher: Fetching trades for BTC-USDT after 1137703364 before None
2026-01-04 02:15:28,348 [INFO] httpx: HTTP Request: GET https://www.okx.com/api/v5/market/history-trades?instId=BTC-USDT&after=1137703364 "HTTP/2 200 OK"
2026-01-04 02:15:28,349 [INFO] okx_trade_fetcher: Fetching trades for BTC-USDT after 1137703264 before None
2026-01-04 02:15:28,594 [INFO] httpx: HTTP Request: GET https://www.okx.com/api/v5/market/history-trades?instId=BTC-USDT&after=1137703264 "HTTP/2 200 OK"
2026-01-04 02:15:28,595 [INFO] okx_trade_fetcher: Fetching trades for BTC-USDT after 1137703164 before None
2026-01-04 02:15:28,826 [INFO] httpx: HTTP Request: GET https://www.okx.com/api/v5/market/history-trades?instId=BTC-USDT&after=1137703164 "HTTP/2 200 OK"
2026-01-04 02:15:28,827 [INFO] okx_trade_fetcher: Fetching trades for BTC-USDT after 1137703064 before None
2026-01-04 02:15:29,021 [INFO] httpx: HTTP Request: GET https://www.okx.com/api/v5/market/history-trades?instId=BTC-USDT&after=1137703064 "HTTP/2 200 OK"
2026-01-04 02:15:29,022 [INFO] okx_trade_fetcher: Fetching trades for BTC-USDT after 1137702964 before None
2026-01-04 02:15:29,221 [INFO] httpx: HTTP Request: GET https://www.okx.com/api/v5/market/history-trades?instId=BTC-USDT&after=1137702964 "HTTP/2 200 OK"
2026-01-04 02:15:29,223 [INFO] okx_trade_fetcher: Fetching trades for BTC-USDT after 1137702864 before None
2026-01-04 02:15:29,470 [INFO] httpx: HTTP Request: GET https://www.okx.com/api/v5/market/history-trades?instId=BTC-USDT&after=1137702864 "HTTP/2 200 OK"
2026-01-04 02:15:29,471 [INFO] okx_trade_fetcher: Fetching trades for BTC-USDT after 1137702764 before None
2026-01-04 02:15:29,713 [INFO] httpx: HTTP Request: GET https://www.okx.com/api/v5/market/history-trades?instId=BTC-USDT&after=1137702764 "HTTP/2 200 OK"
2026-01-04 02:15:29,714 [INFO] okx_trade_fetcher: Fetching trades for BTC-USDT after 1137702664 before None
2026-01-04 02:15:29,910 [INFO] httpx: HTTP Request: GET https://www.okx.com/api/v5/market/history-trades?instId=BTC-USDT&after=1137702664 "HTTP/2 200 OK"
2026-01-04 02:15:29,911 [INFO] okx_trade_fetcher: Fetching trades for BTC-USDT after 1137702564 before None
2026-01-04 02:15:30,150 [INFO] httpx: HTTP Request: GET https://www.okx.com/api/v5/market/history-trades?instId=BTC-USDT&after=1137702564 "HTTP/2 200 OK"
2026-01-04 02:15:30,151 [INFO] okx_trade_fetcher: Fetching trades for BTC-USDT after 1137702464 before None
2026-01-04 02:15:30,389 [INFO] httpx: HTTP Request: GET https://www.okx.com/api/v5/market/history-trades?instId=BTC-USDT&after=1137702464 "HTTP/2 200 OK"
2026-01-04 02:15:30,390 [INFO] okx_trade_fetcher: Fetching trades for BTC-USDT after 1137702364 before None
2026-01-04 02:15:30,635 [INFO] httpx: HTTP Request: GET https://www.okx.com/api/v5/market/history-trades?instId=BTC-USDT&after=1137702364 "HTTP/2 200 OK"
2026-01-04 02:15:30,636 [INFO] okx_trade_fetcher: Fetching trades for BTC-USDT after 1137702264 before None
2026-01-04 02:15:30,830 [INFO] httpx: HTTP Request: GET https://www.okx.com/api/v5/market/history-trades?instId=BTC-USDT&after=1137702264 "HTTP/2 200 OK"
2026-01-04 02:15:30,831 [INFO] okx_trade_fetcher: Fetching trades for BTC-USDT after 1137702164 before None
2026-01-04 02:15:31,071 [INFO] httpx: HTTP Request: GET https://www.okx.com/api/v5/market/history-trades?instId=BTC-USDT&after=1137702164 "HTTP/2 200 OK"
2026-01-04 02:15:31,072 [INFO] okx_trade_fetcher: Fetching trades for BTC-USDT after 1137702064 before None
2026-01-04 02:15:31,314 [INFO] httpx: HTTP Request: GET https://www.okx.com/api/v5/market/history-trades?instId=BTC-USDT&after=1137702064 "HTTP/2 200 OK"
2026-01-04 02:15:31,315 [INFO] okx_trade_fetcher: Fetching trades for BTC-USDT after 1137701964 before None
2026-01-04 02:15:31,549 [INFO] httpx: HTTP Request: GET https://www.okx.com/api/v5/market/history-trades?instId=BTC-USDT&after=1137701964 "HTTP/2 200 OK"
2026-01-04 02:15:31,551 [INFO] okx_trade_fetcher: Fetching trades for BTC-USDT after 1137701864 before None
2026-01-04 02:15:31,788 [INFO] httpx: HTTP Request: GET https://www.okx.com/api/v5/market/history-trades?instId=BTC-USDT&after=1137701864 "HTTP/2 200 OK"
2026-01-04 02:15:31,789 [INFO] okx_trade_fetcher: Fetching trades for BTC-USDT after 1137701764 before None
2026-01-04 02:15:32,058 [INFO] httpx: HTTP Request: GET https://www.okx.com/api/v5/market/history-trades?instId=BTC-USDT&after=1137701764 "HTTP/2 200 OK"
2026-01-04 02:15:32,060 [INFO] okx_trade_fetcher: Fetching trades for BTC-USDT after 1137701664 before None
2026-01-04 02:15:32,256 [INFO] httpx: HTTP Request: GET https://www.okx.com/api/v5/market/history-trades?instId=BTC-USDT&after=1137701664 "HTTP/2 200 OK"
2026-01-04 02:15:32,257 [INFO] okx_trade_fetcher: Fetching trades for BTC-USDT after 1137701564 before None
2026-01-04 02:15:32,496 [INFO] httpx: HTTP Request: GET https://www.okx.com/api/v5/market/history-trades?instId=BTC-USDT&after=1137701564 "HTTP/2 200 OK"
2026-01-04 02:15:32,498 [INFO] okx_trade_fetcher: Fetching trades for BTC-USDT after 1137701464 before None
2026-01-04 02:15:32,702 [INFO] httpx: HTTP Request: GET https://www.okx.com/api/v5/market/history-trades?instId=BTC-USDT&after=1137701464 "HTTP/2 200 OK"
2026-01-04 02:15:32,706 [INFO] file_storage.storage_router: Flushing 2000 BTC-USDT records for 2026-01-04
2026-01-04 02:15:32,706 [INFO] file_storage.storage_writers.local_storage_writer: Saving table to BTC-USDT/2026/1/4.parquet
2026-01-04 02:15:32,707 [INFO] file_storage.storage_router: Clearing buffer for 2026-01-04
2026-01-04 02:15:32,707 [INFO] okx_trade_fetcher: Fetching trades for BTC-USDT after 1137701364 before None
2026-01-04 02:15:32,962 [INFO] httpx: HTTP Request: GET https://www.okx.com/api/v5/market/history-trades?instId=BTC-USDT&after=1137701364 "HTTP/2 200 OK"
2026-01-04 02:15:32,964 [INFO] okx_trade_fetcher: Fetching trades for BTC-USDT after 1137701264 before None
2026-01-04 02:15:33,205 [INFO] httpx: HTTP Request: GET https://www.okx.com/api/v5/market/history-trades?instId=BTC-USDT&after=1137701264 "HTTP/2 200 OK"
2026-01-04 02:15:33,206 [INFO] okx_trade_fetcher: Fetching trades for BTC-USDT after 1137701164 before None
2026-01-04 02:15:33,467 [INFO] httpx: HTTP Request: GET https://www.okx.com/api/v5/market/history-trades?instId=BTC-USDT&after=1137701164 "HTTP/2 200 OK"
2026-01-04 02:15:33,468 [INFO] okx_trade_fetcher: Fetching trades for BTC-USDT after 1137701064 before None
2026-01-04 02:15:33,702 [INFO] httpx: HTTP Request: GET https://www.okx.com/api/v5/market/history-trades?instId=BTC-USDT&after=1137701064 "HTTP/2 200 OK"
2026-01-04 02:15:33,703 [INFO] okx_trade_fetcher: Fetching trades for BTC-USDT after 1137700964 before None
2026-01-04 02:15:33,899 [INFO] httpx: HTTP Request: GET https://www.okx.com/api/v5/market/history-trades?instId=BTC-USDT&after=1137700964 "HTTP/2 200 OK"
2026-01-04 02:15:33,900 [INFO] okx_trade_fetcher: Fetching trades for BTC-USDT after 1137700864 before None
2026-01-04 02:15:34,141 [INFO] httpx: HTTP Request: GET https://www.okx.com/api/v5/market/history-trades?instId=BTC-USDT&after=1137700864 "HTTP/2 200 OK"
2026-01-04 02:15:34,142 [INFO] okx_trade_fetcher: Fetching trades for BTC-USDT after 1137700764 before None
2026-01-04 02:15:34,389 [INFO] httpx: HTTP Request: GET https://www.okx.com/api/v5/market/history-trades?instId=BTC-USDT&after=1137700764 "HTTP/2 200 OK"
2026-01-04 02:15:34,390 [INFO] okx_trade_fetcher: Fetching trades for BTC-USDT after 1137700664 before None
2026-01-04 02:15:34,629 [INFO] httpx: HTTP Request: GET https://www.okx.com/api/v5/market/history-trades?instId=BTC-USDT&after=1137700664 "HTTP/2 200 OK"
2026-01-04 02:15:34,630 [INFO] okx_trade_fetcher: Fetching trades for BTC-USDT after 1137700564 before None
2026-01-04 02:15:38,454 [INFO] httpx: HTTP Request: GET https://www.okx.com/api/v5/market/history-trades?instId=BTC-USDT&after=1137700564 "HTTP/2 200 OK"
2026-01-04 02:15:38,455 [INFO] okx_trade_fetcher: Fetching trades for BTC-USDT after 1137700464 before None
2026-01-04 02:15:38,697 [INFO] httpx: HTTP Request: GET https://www.okx.com/api/v5/market/history-trades?instId=BTC-USDT&after=1137700464 "HTTP/2 200 OK"
2026-01-04 02:15:38,699 [INFO] okx_trade_fetcher: Fetching trades for BTC-USDT after 1137700364 before None
2026-01-04 02:15:38,932 [INFO] httpx: HTTP Request: GET https://www.okx.com/api/v5/market/history-trades?instId=BTC-USDT&after=1137700364 "HTTP/2 200 OK"
2026-01-04 02:15:38,933 [INFO] okx_trade_fetcher: Fetching trades for BTC-USDT after 1137700264 before None
2026-01-04 02:15:39,131 [INFO] httpx: HTTP Request: GET https://www.okx.com/api/v5/market/history-trades?instId=BTC-USDT&after=1137700264 "HTTP/2 200 OK"
2026-01-04 02:15:39,131 [INFO] okx_trade_fetcher: Fetching trades for BTC-USDT after 1137700164 before None
2026-01-04 02:15:39,368 [INFO] httpx: HTTP Request: GET https://www.okx.com/api/v5/market/history-trades?instId=BTC-USDT&after=1137700164 "HTTP/2 200 OK"
2026-01-04 02:15:39,369 [INFO] okx_trade_fetcher: Fetching trades for BTC-USDT after 1137700064 before None
2026-01-04 02:15:39,617 [INFO] httpx: HTTP Request: GET https://www.okx.com/api/v5/market/history-trades?instId=BTC-USDT&after=1137700064 "HTTP/2 200 OK"
2026-01-04 02:15:39,618 [INFO] okx_trade_fetcher: Fetching trades for BTC-USDT after 1137699964 before None
2026-01-04 02:15:39,814 [INFO] httpx: HTTP Request: GET https://www.okx.com/api/v5/market/history-trades?instId=BTC-USDT&after=1137699964 "HTTP/2 200 OK"
2026-01-04 02:15:39,815 [INFO] okx_trade_fetcher: Fetching trades for BTC-USDT after 1137699864 before None
2026-01-04 02:15:40,055 [INFO] httpx: HTTP Request: GET https://www.okx.com/api/v5/market/history-trades?instId=BTC-USDT&after=1137699864 "HTTP/2 200 OK"
2026-01-04 02:15:40,057 [INFO] okx_trade_fetcher: Fetching trades for BTC-USDT after 1137699764 before None
2026-01-04 02:15:40,300 [INFO] httpx: HTTP Request: GET https://www.okx.com/api/v5/market/history-trades?instId=BTC-USDT&after=1137699764 "HTTP/2 200 OK"
2026-01-04 02:15:40,301 [INFO] okx_trade_fetcher: Fetching trades for BTC-USDT after 1137699664 before None
2026-01-04 02:15:40,543 [INFO] httpx: HTTP Request: GET https://www.okx.com/api/v5/market/history-trades?instId=BTC-USDT&after=1137699664 "HTTP/2 200 OK"
2026-01-04 02:15:40,545 [INFO] okx_trade_fetcher: Fetching trades for BTC-USDT after 1137699564 before None
2026-01-04 02:15:40,777 [INFO] httpx: HTTP Request: GET https://www.okx.com/api/v5/market/history-trades?instId=BTC-USDT&after=1137699564 "HTTP/2 200 OK"
2026-01-04 02:15:40,778 [INFO] okx_trade_fetcher: Fetching trades for BTC-USDT after 1137699464 before None
2026-01-04 02:15:41,026 [INFO] httpx: HTTP Request: GET https://www.okx.com/api/v5/market/history-trades?instId=BTC-USDT&after=1137699464 "HTTP/2 200 OK"
2026-01-04 02:15:41,030 [INFO] file_storage.storage_router: Flushing 2000 BTC-USDT records for 2026-01-04
2026-01-04 02:15:41,030 [INFO] file_storage.storage_writers.local_storage_writer: Saving table to BTC-USDT/2026/1/4.parquet
2026-01-04 02:15:41,031 [INFO] file_storage.storage_router: Clearing buffer for 2026-01-04
2026-01-04 02:15:41,031 [INFO] okx_trade_fetcher: Fetching trades for BTC-USDT after 1137699364 before None
2026-01-04 02:15:41,271 [INFO] httpx: HTTP Request: GET https://www.okx.com/api/v5/market/history-trades?instId=BTC-USDT&after=1137699364 "HTTP/2 200 OK"
2026-01-04 02:15:41,272 [INFO] okx_trade_fetcher: Fetching trades for BTC-USDT after 1137699264 before None
2026-01-04 02:15:41,512 [INFO] httpx: HTTP Request: GET https://www.okx.com/api/v5/market/history-trades?instId=BTC-USDT&after=1137699264 "HTTP/2 200 OK"
2026-01-04 02:15:41,513 [INFO] okx_trade_fetcher: Fetching trades for BTC-USDT after 1137699164 before None
2026-01-04 02:15:41,756 [INFO] httpx: HTTP Request: GET https://www.okx.com/api/v5/market/history-trades?instId=BTC-USDT&after=1137699164 "HTTP/2 200 OK"
2026-01-04 02:15:41,757 [INFO] okx_trade_fetcher: Fetching trades for BTC-USDT after 1137699064 before None
2026-01-04 02:15:41,995 [INFO] httpx: HTTP Request: GET https://www.okx.com/api/v5/market/history-trades?instId=BTC-USDT&after=1137699064 "HTTP/2 200 OK"
2026-01-04 02:15:41,996 [INFO] okx_trade_fetcher: Fetching trades for BTC-USDT after 1137698964 before None
2026-01-04 02:15:42,237 [INFO] httpx: HTTP Request: GET https://www.okx.com/api/v5/market/history-trades?instId=BTC-USDT&after=1137698964 "HTTP/2 200 OK"
2026-01-04 02:15:42,238 [INFO] okx_trade_fetcher: Fetching trades for BTC-USDT after 1137698864 before None
2026-01-04 02:15:42,487 [INFO] httpx: HTTP Request: GET https://www.okx.com/api/v5/market/history-trades?instId=BTC-USDT&after=1137698864 "HTTP/2 200 OK"
2026-01-04 02:15:42,488 [INFO] okx_trade_fetcher: Fetching trades for BTC-USDT after 1137698764 before None
2026-01-04 02:15:42,729 [INFO] httpx: HTTP Request: GET https://www.okx.com/api/v5/market/history-trades?instId=BTC-USDT&after=1137698764 "HTTP/2 200 OK"
2026-01-04 02:15:42,730 [INFO] okx_trade_fetcher: Fetching trades for BTC-USDT after 1137698664 before None
2026-01-04 02:15:42,984 [INFO] httpx: HTTP Request: GET https://www.okx.com/api/v5/market/history-trades?instId=BTC-USDT&after=1137698664 "HTTP/2 200 OK"
2026-01-04 02:15:42,984 [INFO] okx_trade_fetcher: Fetching trades for BTC-USDT after 1137698564 before None
2026-01-04 02:15:43,225 [INFO] httpx: HTTP Request: GET https://www.okx.com/api/v5/market/history-trades?instId=BTC-USDT&after=1137698564 "HTTP/2 200 OK"
2026-01-04 02:15:43,226 [INFO] okx_trade_fetcher: Fetching trades for BTC-USDT after 1137698464 before None
2026-01-04 02:15:43,475 [INFO] httpx: HTTP Request: GET https://www.okx.com/api/v5/market/history-trades?instId=BTC-USDT&after=1137698464 "HTTP/2 200 OK"
2026-01-04 02:15:43,477 [INFO] okx_trade_fetcher: Fetching trades for BTC-USDT after 1137698364 before None
2026-01-04 02:15:43,726 [INFO] httpx: HTTP Request: GET https://www.okx.com/api/v5/market/history-trades?instId=BTC-USDT&after=1137698364 "HTTP/2 200 OK"
2026-01-04 02:15:43,727 [INFO] okx_trade_fetcher: Fetching trades for BTC-USDT after 1137698264 before None
2026-01-04 02:15:43,967 [INFO] httpx: HTTP Request: GET https://www.okx.com/api/v5/market/history-trades?instId=BTC-USDT&after=1137698264 "HTTP/2 200 OK"
2026-01-04 02:15:43,968 [INFO] okx_trade_fetcher: Fetching trades for BTC-USDT after 1137698164 before None
2026-01-04 02:15:44,232 [INFO] httpx: HTTP Request: GET https://www.okx.com/api/v5/market/history-trades?instId=BTC-USDT&after=1137698164 "HTTP/2 200 OK"
2026-01-04 02:15:44,233 [INFO] okx_trade_fetcher: Fetching trades for BTC-USDT after 1137698064 before None
2026-01-04 02:15:44,432 [INFO] httpx: HTTP Request: GET https://www.okx.com/api/v5/market/history-trades?instId=BTC-USDT&after=1137698064 "HTTP/2 200 OK"
2026-01-04 02:15:44,433 [INFO] okx_trade_fetcher: Fetching trades for BTC-USDT after 1137697964 before None
2026-01-04 02:15:44,673 [INFO] httpx: HTTP Request: GET https://www.okx.com/api/v5/market/history-trades?instId=BTC-USDT&after=1137697964 "HTTP/2 200 OK"
2026-01-04 02:15:44,673 [INFO] okx_trade_fetcher: Fetching trades for BTC-USDT after 1137697864 before None
2026-01-04 02:15:44,905 [INFO] httpx: HTTP Request: GET https://www.okx.com/api/v5/market/history-trades?instId=BTC-USDT&after=1137697864 "HTTP/2 200 OK"
2026-01-04 02:15:44,905 [INFO] okx_trade_fetcher: Fetching trades for BTC-USDT after 1137697764 before None
2026-01-04 02:15:45,143 [INFO] httpx: HTTP Request: GET https://www.okx.com/api/v5/market/history-trades?instId=BTC-USDT&after=1137697764 "HTTP/2 200 OK"
2026-01-04 02:15:45,144 [INFO] okx_trade_fetcher: Fetching trades for BTC-USDT after 1137697664 before None
2026-01-04 02:15:45,391 [INFO] httpx: HTTP Request: GET https://www.okx.com/api/v5/market/history-trades?instId=BTC-USDT&after=1137697664 "HTTP/2 200 OK"
2026-01-04 02:15:45,392 [INFO] okx_trade_fetcher: Fetching trades for BTC-USDT after 1137697564 before None
2026-01-04 02:15:45,739 [INFO] httpx: HTTP Request: GET https://www.okx.com/api/v5/market/history-trades?instId=BTC-USDT&after=1137697564 "HTTP/2 200 OK"
2026-01-04 02:15:45,740 [INFO] okx_trade_fetcher: Fetching trades for BTC-USDT after 1137697464 before None
2026-01-04 02:15:45,971 [INFO] httpx: HTTP Request: GET https://www.okx.com/api/v5/market/history-trades?instId=BTC-USDT&after=1137697464 "HTTP/2 200 OK"
2026-01-04 02:15:45,973 [INFO] file_storage.storage_router: Flushing 2000 BTC-USDT records for 2026-01-04
2026-01-04 02:15:45,973 [INFO] file_storage.storage_writers.local_storage_writer: Saving table to BTC-USDT/2026/1/4.parquet
2026-01-04 02:15:45,974 [INFO] file_storage.storage_router: Clearing buffer for 2026-01-04
2026-01-04 02:15:45,974 [INFO] okx_trade_fetcher: Fetching trades for BTC-USDT after 1137697364 before None
2026-01-04 02:15:46,214 [INFO] httpx: HTTP Request: GET https://www.okx.com/api/v5/market/history-trades?instId=BTC-USDT&after=1137697364 "HTTP/2 200 OK"
2026-01-04 02:15:46,215 [INFO] okx_trade_fetcher: Fetching trades for BTC-USDT after 1137697264 before None
2026-01-04 02:15:46,465 [INFO] httpx: HTTP Request: GET https://www.okx.com/api/v5/market/history-trades?instId=BTC-USDT&after=1137697264 "HTTP/2 200 OK"
2026-01-04 02:15:46,465 [INFO] okx_trade_fetcher: Fetching trades for BTC-USDT after 1137697164 before None
2026-01-04 02:15:46,713 [INFO] httpx: HTTP Request: GET https://www.okx.com/api/v5/market/history-trades?instId=BTC-USDT&after=1137697164 "HTTP/2 200 OK"
2026-01-04 02:15:46,714 [INFO] okx_trade_fetcher: Fetching trades for BTC-USDT after 1137697064 before None
2026-01-04 02:15:46,953 [INFO] httpx: HTTP Request: GET https://www.okx.com/api/v5/market/history-trades?instId=BTC-USDT&after=1137697064 "HTTP/2 200 OK"
2026-01-04 02:15:46,954 [INFO] okx_trade_fetcher: Fetching trades for BTC-USDT after 1137696964 before None
2026-01-04 02:15:47,187 [INFO] httpx: HTTP Request: GET https://www.okx.com/api/v5/market/history-trades?instId=BTC-USDT&after=1137696964 "HTTP/2 200 OK"
2026-01-04 02:15:47,187 [INFO] okx_trade_fetcher: Fetching trades for BTC-USDT after 1137696864 before None
2026-01-04 02:15:47,448 [INFO] httpx: HTTP Request: GET https://www.okx.com/api/v5/market/history-trades?instId=BTC-USDT&after=1137696864 "HTTP/2 200 OK"
2026-01-04 02:15:47,449 [INFO] okx_trade_fetcher: Fetching trades for BTC-USDT after 1137696764 before None
2026-01-04 02:15:47,690 [INFO] httpx: HTTP Request: GET https://www.okx.com/api/v5/market/history-trades?instId=BTC-USDT&after=1137696764 "HTTP/2 200 OK"
2026-01-04 02:15:47,691 [INFO] okx_trade_fetcher: Fetching trades for BTC-USDT after 1137696664 before None
2026-01-04 02:15:47,891 [INFO] httpx: HTTP Request: GET https://www.okx.com/api/v5/market/history-trades?instId=BTC-USDT&after=1137696664 "HTTP/2 200 OK"
2026-01-04 02:15:47,893 [INFO] okx_trade_fetcher: Fetching trades for BTC-USDT after 1137696564 before None
2026-01-04 02:15:48,123 [INFO] httpx: HTTP Request: GET https://www.okx.com/api/v5/market/history-trades?instId=BTC-USDT&after=1137696564 "HTTP/2 200 OK"
2026-01-04 02:15:48,124 [INFO] okx_trade_fetcher: Fetching trades for BTC-USDT after 1137696464 before None
2026-01-04 02:15:48,370 [INFO] httpx: HTTP Request: GET https://www.okx.com/api/v5/market/history-trades?instId=BTC-USDT&after=1137696464 "HTTP/2 200 OK"
2026-01-04 02:15:48,371 [INFO] okx_trade_fetcher: Fetching trades for BTC-USDT after 1137696364 before None
2026-01-04 02:15:48,616 [INFO] httpx: HTTP Request: GET https://www.okx.com/api/v5/market/history-trades?instId=BTC-USDT&after=1137696364 "HTTP/2 200 OK"
2026-01-04 02:15:48,617 [INFO] okx_trade_fetcher: Fetching trades for BTC-USDT after 1137696264 before None
2026-01-04 02:15:48,855 [INFO] httpx: HTTP Request: GET https://www.okx.com/api/v5/market/history-trades?instId=BTC-USDT&after=1137696264 "HTTP/2 200 OK"
2026-01-04 02:15:48,856 [INFO] okx_trade_fetcher: Fetching trades for BTC-USDT after 1137696164 before None
2026-01-04 02:15:49,051 [INFO] httpx: HTTP Request: GET https://www.okx.com/api/v5/market/history-trades?instId=BTC-USDT&after=1137696164 "HTTP/2 200 OK"
2026-01-04 02:15:49,052 [INFO] okx_trade_fetcher: Fetching trades for BTC-USDT after 1137696064 before None
2026-01-04 02:15:49,249 [INFO] httpx: HTTP Request: GET https://www.okx.com/api/v5/market/history-trades?instId=BTC-USDT&after=1137696064 "HTTP/2 200 OK"
2026-01-04 02:15:49,250 [INFO] okx_trade_fetcher: Fetching trades for BTC-USDT after 1137695964 before None
2026-01-04 02:15:49,493 [INFO] httpx: HTTP Request: GET https://www.okx.com/api/v5/market/history-trades?instId=BTC-USDT&after=1137695964 "HTTP/2 200 OK"
2026-01-04 02:15:49,494 [INFO] okx_trade_fetcher: Fetching trades for BTC-USDT after 1137695864 before None
2026-01-04 02:15:49,735 [INFO] httpx: HTTP Request: GET https://www.okx.com/api/v5/market/history-trades?instId=BTC-USDT&after=1137695864 "HTTP/2 200 OK"
2026-01-04 02:15:49,735 [INFO] okx_trade_fetcher: Fetching trades for BTC-USDT after 1137695764 before None
2026-01-04 02:15:49,994 [INFO] httpx: HTTP Request: GET https://www.okx.com/api/v5/market/history-trades?instId=BTC-USDT&after=1137695764 "HTTP/2 200 OK"
2026-01-04 02:15:49,995 [INFO] okx_trade_fetcher: Fetching trades for BTC-USDT after 1137695664 before None
2026-01-04 02:15:50,238 [INFO] httpx: HTTP Request: GET https://www.okx.com/api/v5/market/history-trades?instId=BTC-USDT&after=1137695664 "HTTP/2 200 OK"
2026-01-04 02:15:50,240 [INFO] okx_trade_fetcher: Fetching trades for BTC-USDT after 1137695564 before None
2026-01-04 02:15:50,488 [INFO] httpx: HTTP Request: GET https://www.okx.com/api/v5/market/history-trades?instId=BTC-USDT&after=1137695564 "HTTP/2 200 OK"
2026-01-04 02:15:50,489 [INFO] okx_trade_fetcher: Fetching trades for BTC-USDT after 1137695464 before None
2026-01-04 02:15:50,735 [INFO] httpx: HTTP Request: GET https://www.okx.com/api/v5/market/history-trades?instId=BTC-USDT&after=1137695464 "HTTP/2 200 OK"
2026-01-04 02:15:50,738 [INFO] file_storage.storage_router: Flushing 2000 BTC-USDT records for 2026-01-04
2026-01-04 02:15:50,738 [INFO] file_storage.storage_writers.local_storage_writer: Saving table to BTC-USDT/2026/1/4.parquet
2026-01-04 02:15:50,739 [INFO] file_storage.storage_router: Clearing buffer for 2026-01-04
2026-01-04 02:15:50,739 [INFO] okx_trade_fetcher: Fetching trades for BTC-USDT after 1137695364 before None
2026-01-04 02:15:50,978 [INFO] httpx: HTTP Request: GET https://www.okx.com/api/v5/market/history-trades?instId=BTC-USDT&after=1137695364 "HTTP/2 200 OK"
2026-01-04 02:15:50,980 [INFO] okx_trade_fetcher: Fetching trades for BTC-USDT after 1137695264 before None
2026-01-04 02:15:51,219 [INFO] httpx: HTTP Request: GET https://www.okx.com/api/v5/market/history-trades?instId=BTC-USDT&after=1137695264 "HTTP/2 200 OK"
2026-01-04 02:15:51,220 [INFO] okx_trade_fetcher: Fetching trades for BTC-USDT after 1137695164 before None
2026-01-04 02:15:51,464 [INFO] httpx: HTTP Request: GET https://www.okx.com/api/v5/market/history-trades?instId=BTC-USDT&after=1137695164 "HTTP/2 200 OK"
2026-01-04 02:15:51,465 [INFO] okx_trade_fetcher: Fetching trades for BTC-USDT after 1137695064 before None
2026-01-04 02:15:51,698 [INFO] httpx: HTTP Request: GET https://www.okx.com/api/v5/market/history-trades?instId=BTC-USDT&after=1137695064 "HTTP/2 200 OK"
2026-01-04 02:15:51,699 [INFO] okx_trade_fetcher: Fetching trades for BTC-USDT after 1137694964 before None
2026-01-04 02:15:51,894 [INFO] httpx: HTTP Request: GET https://www.okx.com/api/v5/market/history-trades?instId=BTC-USDT&after=1137694964 "HTTP/2 200 OK"
2026-01-04 02:15:51,895 [INFO] okx_trade_fetcher: Fetching trades for BTC-USDT after 1137694864 before None
2026-01-04 02:15:52,139 [INFO] httpx: HTTP Request: GET https://www.okx.com/api/v5/market/history-trades?instId=BTC-USDT&after=1137694864 "HTTP/2 200 OK"
2026-01-04 02:15:52,140 [INFO] okx_trade_fetcher: Fetching trades for BTC-USDT after 1137694764 before None
2026-01-04 02:15:52,381 [INFO] httpx: HTTP Request: GET https://www.okx.com/api/v5/market/history-trades?instId=BTC-USDT&after=1137694764 "HTTP/2 200 OK"
2026-01-04 02:15:52,382 [INFO] okx_trade_fetcher: Fetching trades for BTC-USDT after 1137694664 before None
2026-01-04 02:15:52,581 [INFO] httpx: HTTP Request: GET https://www.okx.com/api/v5/market/history-trades?instId=BTC-USDT&after=1137694664 "HTTP/2 200 OK"
2026-01-04 02:15:52,582 [INFO] okx_trade_fetcher: Fetching trades for BTC-USDT after 1137694564 before None
2026-01-04 02:15:52,819 [INFO] httpx: HTTP Request: GET https://www.okx.com/api/v5/market/history-trades?instId=BTC-USDT&after=1137694564 "HTTP/2 200 OK"
2026-01-04 02:15:52,820 [INFO] okx_trade_fetcher: Fetching trades for BTC-USDT after 1137694464 before None
2026-01-04 02:15:53,061 [INFO] httpx: HTTP Request: GET https://www.okx.com/api/v5/market/history-trades?instId=BTC-USDT&after=1137694464 "HTTP/2 200 OK"
2026-01-04 02:15:53,062 [INFO] okx_trade_fetcher: Fetching trades for BTC-USDT after 1137694364 before None
2026-01-04 02:15:53,311 [INFO] httpx: HTTP Request: GET https://www.okx.com/api/v5/market/history-trades?instId=BTC-USDT&after=1137694364 "HTTP/2 200 OK"
2026-01-04 02:15:53,312 [INFO] okx_trade_fetcher: Fetching trades for BTC-USDT after 1137694264 before None
2026-01-04 02:15:53,554 [INFO] httpx: HTTP Request: GET https://www.okx.com/api/v5/market/history-trades?instId=BTC-USDT&after=1137694264 "HTTP/2 200 OK"
2026-01-04 02:15:53,555 [INFO] okx_trade_fetcher: Fetching trades for BTC-USDT after 1137694164 before None
2026-01-04 02:15:53,807 [INFO] httpx: HTTP Request: GET https://www.okx.com/api/v5/market/history-trades?instId=BTC-USDT&after=1137694164 "HTTP/2 200 OK"
2026-01-04 02:15:53,808 [INFO] okx_trade_fetcher: Fetching trades for BTC-USDT after 1137694064 before None
2026-01-04 02:15:54,040 [INFO] httpx: HTTP Request: GET https://www.okx.com/api/v5/market/history-trades?instId=BTC-USDT&after=1137694064 "HTTP/2 200 OK"
2026-01-04 02:15:54,042 [INFO] okx_trade_fetcher: Fetching trades for BTC-USDT after 1137693964 before None
2026-01-04 02:15:54,291 [INFO] httpx: HTTP Request: GET https://www.okx.com/api/v5/market/history-trades?instId=BTC-USDT&after=1137693964 "HTTP/2 200 OK"
2026-01-04 02:15:54,292 [INFO] okx_trade_fetcher: Fetching trades for BTC-USDT after 1137693864 before None
2026-01-04 02:15:54,533 [INFO] httpx: HTTP Request: GET https://www.okx.com/api/v5/market/history-trades?instId=BTC-USDT&after=1137693864 "HTTP/2 200 OK"
2026-01-04 02:15:54,534 [INFO] okx_trade_fetcher: Fetching trades for BTC-USDT after 1137693764 before None
2026-01-04 02:15:54,735 [INFO] httpx: HTTP Request: GET https://www.okx.com/api/v5/market/history-trades?instId=BTC-USDT&after=1137693764 "HTTP/2 200 OK"
2026-01-04 02:15:54,737 [INFO] okx_trade_fetcher: Fetching trades for BTC-USDT after 1137693664 before None
2026-01-04 02:15:54,986 [INFO] httpx: HTTP Request: GET https://www.okx.com/api/v5/market/history-trades?instId=BTC-USDT&after=1137693664 "HTTP/2 200 OK"
2026-01-04 02:15:54,987 [INFO] okx_trade_fetcher: Fetching trades for BTC-USDT after 1137693564 before None
2026-01-04 02:15:55,227 [INFO] httpx: HTTP Request: GET https://www.okx.com/api/v5/market/history-trades?instId=BTC-USDT&after=1137693564 "HTTP/2 200 OK"
2026-01-04 02:15:55,228 [INFO] okx_trade_fetcher: Fetching trades for BTC-USDT after 1137693464 before None
2026-01-04 02:15:55,468 [INFO] httpx: HTTP Request: GET https://www.okx.com/api/v5/market/history-trades?instId=BTC-USDT&after=1137693464 "HTTP/2 200 OK"
2026-01-04 02:15:55,470 [INFO] file_storage.storage_router: Flushing 2000 BTC-USDT records for 2026-01-04
2026-01-04 02:15:55,470 [INFO] file_storage.storage_writers.local_storage_writer: Saving table to BTC-USDT/2026/1/4.parquet
2026-01-04 02:15:55,471 [INFO] file_storage.storage_router: Clearing buffer for 2026-01-04
2026-01-04 02:15:55,471 [INFO] okx_trade_fetcher: Fetching trades for BTC-USDT after 1137693364 before None
2026-01-04 02:15:55,718 [INFO] httpx: HTTP Request: GET https://www.okx.com/api/v5/market/history-trades?instId=BTC-USDT&after=1137693364 "HTTP/2 200 OK"
2026-01-04 02:15:55,719 [INFO] okx_trade_fetcher: Fetching trades for BTC-USDT after 1137693264 before None
2026-01-04 02:15:55,920 [INFO] httpx: HTTP Request: GET https://www.okx.com/api/v5/market/history-trades?instId=BTC-USDT&after=1137693264 "HTTP/2 200 OK"
2026-01-04 02:15:55,921 [INFO] okx_trade_fetcher: Fetching trades for BTC-USDT after 1137693164 before None
2026-01-04 02:15:56,163 [INFO] httpx: HTTP Request: GET https://www.okx.com/api/v5/market/history-trades?instId=BTC-USDT&after=1137693164 "HTTP/2 200 OK"
2026-01-04 02:15:56,164 [INFO] okx_trade_fetcher: Fetching trades for BTC-USDT after 1137693064 before None
2026-01-04 02:15:56,413 [INFO] httpx: HTTP Request: GET https://www.okx.com/api/v5/market/history-trades?instId=BTC-USDT&after=1137693064 "HTTP/2 200 OK"
2026-01-04 02:15:56,413 [INFO] okx_trade_fetcher: Fetching trades for BTC-USDT after 1137692964 before None
2026-01-04 02:15:56,670 [INFO] httpx: HTTP Request: GET https://www.okx.com/api/v5/market/history-trades?instId=BTC-USDT&after=1137692964 "HTTP/2 200 OK"
2026-01-04 02:15:56,671 [INFO] okx_trade_fetcher: Fetching trades for BTC-USDT after 1137692864 before None
2026-01-04 02:15:56,902 [INFO] httpx: HTTP Request: GET https://www.okx.com/api/v5/market/history-trades?instId=BTC-USDT&after=1137692864 "HTTP/2 200 OK"
2026-01-04 02:15:56,903 [INFO] okx_trade_fetcher: Fetching trades for BTC-USDT after 1137692764 before None
2026-01-04 02:15:57,142 [INFO] httpx: HTTP Request: GET https://www.okx.com/api/v5/market/history-trades?instId=BTC-USDT&after=1137692764 "HTTP/2 200 OK"
2026-01-04 02:15:57,143 [INFO] okx_trade_fetcher: Fetching trades for BTC-USDT after 1137692664 before None
2026-01-04 02:15:57,390 [INFO] httpx: HTTP Request: GET https://www.okx.com/api/v5/market/history-trades?instId=BTC-USDT&after=1137692664 "HTTP/2 200 OK"
2026-01-04 02:15:57,392 [INFO] okx_trade_fetcher: Fetching trades for BTC-USDT after 1137692564 before None
2026-01-04 02:15:57,632 [INFO] httpx: HTTP Request: GET https://www.okx.com/api/v5/market/history-trades?instId=BTC-USDT&after=1137692564 "HTTP/2 200 OK"
2026-01-04 02:15:57,633 [INFO] okx_trade_fetcher: Fetching trades for BTC-USDT after 1137692464 before None
2026-01-04 02:15:57,871 [INFO] httpx: HTTP Request: GET https://www.okx.com/api/v5/market/history-trades?instId=BTC-USDT&after=1137692464 "HTTP/2 200 OK"
2026-01-04 02:15:57,872 [INFO] okx_trade_fetcher: Fetching trades for BTC-USDT after 1137692364 before None
2026-01-04 02:15:58,112 [INFO] httpx: HTTP Request: GET https://www.okx.com/api/v5/market/history-trades?instId=BTC-USDT&after=1137692364 "HTTP/2 200 OK"
2026-01-04 02:15:58,112 [INFO] okx_trade_fetcher: Fetching trades for BTC-USDT after 1137692264 before None
2026-01-04 02:15:58,347 [INFO] httpx: HTTP Request: GET https://www.okx.com/api/v5/market/history-trades?instId=BTC-USDT&after=1137692264 "HTTP/2 200 OK"
2026-01-04 02:15:58,348 [INFO] okx_trade_fetcher: Fetching trades for BTC-USDT after 1137692164 before None
2026-01-04 02:15:58,582 [INFO] httpx: HTTP Request: GET https://www.okx.com/api/v5/market/history-trades?instId=BTC-USDT&after=1137692164 "HTTP/2 200 OK"
2026-01-04 02:15:58,583 [INFO] okx_trade_fetcher: Fetching trades for BTC-USDT after 1137692064 before None
2026-01-04 02:15:58,825 [INFO] httpx: HTTP Request: GET https://www.okx.com/api/v5/market/history-trades?instId=BTC-USDT&after=1137692064 "HTTP/2 200 OK"
2026-01-04 02:15:58,826 [INFO] okx_trade_fetcher: Fetching trades for BTC-USDT after 1137691964 before None
2026-01-04 02:15:59,073 [INFO] httpx: HTTP Request: GET https://www.okx.com/api/v5/market/history-trades?instId=BTC-USDT&after=1137691964 "HTTP/2 200 OK"
2026-01-04 02:15:59,074 [INFO] okx_trade_fetcher: Fetching trades for BTC-USDT after 1137691864 before None
2026-01-04 02:15:59,314 [INFO] httpx: HTTP Request: GET https://www.okx.com/api/v5/market/history-trades?instId=BTC-USDT&after=1137691864 "HTTP/2 200 OK"
2026-01-04 02:15:59,315 [INFO] okx_trade_fetcher: Fetching trades for BTC-USDT after 1137691764 before None
2026-01-04 02:15:59,515 [INFO] httpx: HTTP Request: GET https://www.okx.com/api/v5/market/history-trades?instId=BTC-USDT&after=1137691764 "HTTP/2 200 OK"
2026-01-04 02:15:59,515 [INFO] okx_trade_fetcher: Fetching trades for BTC-USDT after 1137691664 before None
2026-01-04 02:15:59,758 [INFO] httpx: HTTP Request: GET https://www.okx.com/api/v5/market/history-trades?instId=BTC-USDT&after=1137691664 "HTTP/2 200 OK"
2026-01-04 02:15:59,759 [INFO] okx_trade_fetcher: Fetching trades for BTC-USDT after 1137691564 before None
2026-01-04 02:16:00,009 [INFO] httpx: HTTP Request: GET https://www.okx.com/api/v5/market/history-trades?instId=BTC-USDT&after=1137691564 "HTTP/2 200 OK"
2026-01-04 02:16:00,011 [INFO] okx_trade_fetcher: Fetching trades for BTC-USDT after 1137691464 before None
2026-01-04 02:16:00,243 [INFO] httpx: HTTP Request: GET https://www.okx.com/api/v5/market/history-trades?instId=BTC-USDT&after=1137691464 "HTTP/2 200 OK"
2026-01-04 02:16:00,246 [INFO] file_storage.storage_router: Flushing 2000 BTC-USDT records for 2026-01-04
2026-01-04 02:16:00,246 [INFO] file_storage.storage_writers.local_storage_writer: Saving table to BTC-USDT/2026/1/4.parquet
2026-01-04 02:16:00,247 [INFO] file_storage.storage_router: Clearing buffer for 2026-01-04
2026-01-04 02:16:00,247 [INFO] okx_trade_fetcher: Fetching trades for BTC-USDT after 1137691364 before None
2026-01-04 02:16:00,494 [INFO] httpx: HTTP Request: GET https://www.okx.com/api/v5/market/history-trades?instId=BTC-USDT&after=1137691364 "HTTP/2 200 OK"
2026-01-04 02:16:00,496 [INFO] okx_trade_fetcher: Fetching trades for BTC-USDT after 1137691264 before None
2026-01-04 02:16:00,737 [INFO] httpx: HTTP Request: GET https://www.okx.com/api/v5/market/history-trades?instId=BTC-USDT&after=1137691264 "HTTP/2 200 OK"
2026-01-04 02:16:00,738 [INFO] okx_trade_fetcher: Fetching trades for BTC-USDT after 1137691164 before None
2026-01-04 02:16:00,978 [INFO] httpx: HTTP Request: GET https://www.okx.com/api/v5/market/history-trades?instId=BTC-USDT&after=1137691164 "HTTP/2 200 OK"
2026-01-04 02:16:00,979 [INFO] okx_trade_fetcher: Fetching trades for BTC-USDT after 1137691064 before None
2026-01-04 02:16:01,213 [INFO] httpx: HTTP Request: GET https://www.okx.com/api/v5/market/history-trades?instId=BTC-USDT&after=1137691064 "HTTP/2 200 OK"
2026-01-04 02:16:01,214 [INFO] okx_trade_fetcher: Fetching trades for BTC-USDT after 1137690964 before None
2026-01-04 02:16:01,453 [INFO] httpx: HTTP Request: GET https://www.okx.com/api/v5/market/history-trades?instId=BTC-USDT&after=1137690964 "HTTP/2 200 OK"
2026-01-04 02:16:01,454 [INFO] okx_trade_fetcher: Fetching trades for BTC-USDT after 1137690864 before None
2026-01-04 02:16:01,696 [INFO] httpx: HTTP Request: GET https://www.okx.com/api/v5/market/history-trades?instId=BTC-USDT&after=1137690864 "HTTP/2 200 OK"
2026-01-04 02:16:01,697 [INFO] okx_trade_fetcher: Fetching trades for BTC-USDT after 1137690764 before None
2026-01-04 02:16:01,939 [INFO] httpx: HTTP Request: GET https://www.okx.com/api/v5/market/history-trades?instId=BTC-USDT&after=1137690764 "HTTP/2 200 OK"
2026-01-04 02:16:01,940 [INFO] okx_trade_fetcher: Fetching trades for BTC-USDT after 1137690664 before None
2026-01-04 02:16:02,192 [INFO] httpx: HTTP Request: GET https://www.okx.com/api/v5/market/history-trades?instId=BTC-USDT&after=1137690664 "HTTP/2 200 OK"
2026-01-04 02:16:02,192 [INFO] okx_trade_fetcher: Fetching trades for BTC-USDT after 1137690564 before None
2026-01-04 02:16:02,439 [INFO] httpx: HTTP Request: GET https://www.okx.com/api/v5/market/history-trades?instId=BTC-USDT&after=1137690564 "HTTP/2 200 OK"
2026-01-04 02:16:02,440 [INFO] okx_trade_fetcher: Fetching trades for BTC-USDT after 1137690464 before None
2026-01-04 02:16:02,639 [INFO] httpx: HTTP Request: GET https://www.okx.com/api/v5/market/history-trades?instId=BTC-USDT&after=1137690464 "HTTP/2 200 OK"
2026-01-04 02:16:02,640 [INFO] okx_trade_fetcher: Fetching trades for BTC-USDT after 1137690364 before None
2026-01-04 02:16:02,883 [INFO] httpx: HTTP Request: GET https://www.okx.com/api/v5/market/history-trades?instId=BTC-USDT&after=1137690364 "HTTP/2 200 OK"
2026-01-04 02:16:02,884 [INFO] okx_trade_fetcher: Fetching trades for BTC-USDT after 1137690264 before None
2026-01-04 02:16:03,127 [INFO] httpx: HTTP Request: GET https://www.okx.com/api/v5/market/history-trades?instId=BTC-USDT&after=1137690264 "HTTP/2 200 OK"
2026-01-04 02:16:03,128 [INFO] okx_trade_fetcher: Fetching trades for BTC-USDT after 1137690164 before None
2026-01-04 02:16:03,379 [INFO] httpx: HTTP Request: GET https://www.okx.com/api/v5/market/history-trades?instId=BTC-USDT&after=1137690164 "HTTP/2 200 OK"
2026-01-04 02:16:03,380 [INFO] okx_trade_fetcher: Fetching trades for BTC-USDT after 1137690064 before None
2026-01-04 02:16:03,625 [INFO] httpx: HTTP Request: GET https://www.okx.com/api/v5/market/history-trades?instId=BTC-USDT&after=1137690064 "HTTP/2 200 OK"
2026-01-04 02:16:03,626 [INFO] okx_trade_fetcher: Fetching trades for BTC-USDT after 1137689964 before None
2026-01-04 02:16:03,873 [INFO] httpx: HTTP Request: GET https://www.okx.com/api/v5/market/history-trades?instId=BTC-USDT&after=1137689964 "HTTP/2 200 OK"
2026-01-04 02:16:03,874 [INFO] okx_trade_fetcher: Fetching trades for BTC-USDT after 1137689864 before None
2026-01-04 02:16:04,147 [INFO] httpx: HTTP Request: GET https://www.okx.com/api/v5/market/history-trades?instId=BTC-USDT&after=1137689864 "HTTP/2 200 OK"
2026-01-04 02:16:04,148 [INFO] okx_trade_fetcher: Fetching trades for BTC-USDT after 1137689764 before None
2026-01-04 02:16:04,343 [INFO] httpx: HTTP Request: GET https://www.okx.com/api/v5/market/history-trades?instId=BTC-USDT&after=1137689764 "HTTP/2 200 OK"
2026-01-04 02:16:04,344 [INFO] okx_trade_fetcher: Fetching trades for BTC-USDT after 1137689664 before None
2026-01-04 02:16:04,578 [INFO] httpx: HTTP Request: GET https://www.okx.com/api/v5/market/history-trades?instId=BTC-USDT&after=1137689664 "HTTP/2 200 OK"
2026-01-04 02:16:04,579 [INFO] okx_trade_fetcher: Fetching trades for BTC-USDT after 1137689564 before None
2026-01-04 02:16:04,820 [INFO] httpx: HTTP Request: GET https://www.okx.com/api/v5/market/history-trades?instId=BTC-USDT&after=1137689564 "HTTP/2 200 OK"
2026-01-04 02:16:04,821 [INFO] okx_trade_fetcher: Fetching trades for BTC-USDT after 1137689464 before None
2026-01-04 02:16:05,063 [INFO] httpx: HTTP Request: GET https://www.okx.com/api/v5/market/history-trades?instId=BTC-USDT&after=1137689464 "HTTP/2 200 OK"
2026-01-04 02:16:05,066 [INFO] file_storage.storage_router: Flushing 2000 BTC-USDT records for 2026-01-04
2026-01-04 02:16:05,066 [INFO] file_storage.storage_writers.local_storage_writer: Saving table to BTC-USDT/2026/1/4.parquet
2026-01-04 02:16:05,067 [INFO] file_storage.storage_router: Clearing buffer for 2026-01-04
2026-01-04 02:16:05,068 [INFO] okx_trade_fetcher: Fetching trades for BTC-USDT after 1137689364 before None
2026-01-04 02:16:05,306 [INFO] httpx: HTTP Request: GET https://www.okx.com/api/v5/market/history-trades?instId=BTC-USDT&after=1137689364 "HTTP/2 200 OK"
2026-01-04 02:16:05,307 [INFO] okx_trade_fetcher: Fetching trades for BTC-USDT after 1137689264 before None
2026-01-04 02:16:05,510 [INFO] httpx: HTTP Request: GET https://www.okx.com/api/v5/market/history-trades?instId=BTC-USDT&after=1137689264 "HTTP/2 200 OK"
2026-01-04 02:16:05,512 [INFO] okx_trade_fetcher: Fetching trades for BTC-USDT after 1137689164 before None
2026-01-04 02:16:05,767 [INFO] httpx: HTTP Request: GET https://www.okx.com/api/v5/market/history-trades?instId=BTC-USDT&after=1137689164 "HTTP/2 200 OK"
2026-01-04 02:16:05,768 [INFO] okx_trade_fetcher: Fetching trades for BTC-USDT after 1137689064 before None
2026-01-04 02:16:05,999 [INFO] httpx: HTTP Request: GET https://www.okx.com/api/v5/market/history-trades?instId=BTC-USDT&after=1137689064 "HTTP/2 200 OK"
2026-01-04 02:16:06,000 [INFO] okx_trade_fetcher: Fetching trades for BTC-USDT after 1137688964 before None
2026-01-04 02:16:06,242 [INFO] httpx: HTTP Request: GET https://www.okx.com/api/v5/market/history-trades?instId=BTC-USDT&after=1137688964 "HTTP/2 200 OK"
2026-01-04 02:16:06,243 [INFO] okx_trade_fetcher: Fetching trades for BTC-USDT after 1137688864 before None
2026-01-04 02:16:06,496 [INFO] httpx: HTTP Request: GET https://www.okx.com/api/v5/market/history-trades?instId=BTC-USDT&after=1137688864 "HTTP/2 200 OK"
2026-01-04 02:16:06,497 [INFO] okx_trade_fetcher: Fetching trades for BTC-USDT after 1137688764 before None
2026-01-04 02:16:06,742 [INFO] httpx: HTTP Request: GET https://www.okx.com/api/v5/market/history-trades?instId=BTC-USDT&after=1137688764 "HTTP/2 200 OK"
2026-01-04 02:16:06,743 [INFO] okx_trade_fetcher: Fetching trades for BTC-USDT after 1137688664 before None
2026-01-04 02:16:06,982 [INFO] httpx: HTTP Request: GET https://www.okx.com/api/v5/market/history-trades?instId=BTC-USDT&after=1137688664 "HTTP/2 200 OK"
2026-01-04 02:16:06,983 [INFO] okx_trade_fetcher: Fetching trades for BTC-USDT after 1137688564 before None
2026-01-04 02:16:07,225 [INFO] httpx: HTTP Request: GET https://www.okx.com/api/v5/market/history-trades?instId=BTC-USDT&after=1137688564 "HTTP/2 200 OK"
2026-01-04 02:16:07,226 [INFO] okx_trade_fetcher: Fetching trades for BTC-USDT after 1137688464 before None
2026-01-04 02:16:07,467 [INFO] httpx: HTTP Request: GET https://www.okx.com/api/v5/market/history-trades?instId=BTC-USDT&after=1137688464 "HTTP/2 200 OK"
2026-01-04 02:16:07,469 [INFO] okx_trade_fetcher: Fetching trades for BTC-USDT after 1137688364 before None
2026-01-04 02:16:07,747 [INFO] httpx: HTTP Request: GET https://www.okx.com/api/v5/market/history-trades?instId=BTC-USDT&after=1137688364 "HTTP/2 200 OK"
2026-01-04 02:16:07,748 [INFO] okx_trade_fetcher: Fetching trades for BTC-USDT after 1137688264 before None
2026-01-04 02:16:07,997 [INFO] httpx: HTTP Request: GET https://www.okx.com/api/v5/market/history-trades?instId=BTC-USDT&after=1137688264 "HTTP/2 200 OK"
2026-01-04 02:16:07,998 [INFO] okx_trade_fetcher: Fetching trades for BTC-USDT after 1137688164 before None
2026-01-04 02:16:08,239 [INFO] httpx: HTTP Request: GET https://www.okx.com/api/v5/market/history-trades?instId=BTC-USDT&after=1137688164 "HTTP/2 200 OK"
2026-01-04 02:16:08,240 [INFO] okx_trade_fetcher: Fetching trades for BTC-USDT after 1137688064 before None
2026-01-04 02:16:08,481 [INFO] httpx: HTTP Request: GET https://www.okx.com/api/v5/market/history-trades?instId=BTC-USDT&after=1137688064 "HTTP/2 200 OK"
2026-01-04 02:16:08,483 [INFO] okx_trade_fetcher: Fetching trades for BTC-USDT after 1137687964 before None
2026-01-04 02:16:08,716 [INFO] httpx: HTTP Request: GET https://www.okx.com/api/v5/market/history-trades?instId=BTC-USDT&after=1137687964 "HTTP/2 200 OK"
2026-01-04 02:16:08,718 [INFO] okx_trade_fetcher: Fetching trades for BTC-USDT after 1137687864 before None
2026-01-04 02:16:08,965 [INFO] httpx: HTTP Request: GET https://www.okx.com/api/v5/market/history-trades?instId=BTC-USDT&after=1137687864 "HTTP/2 200 OK"
2026-01-04 02:16:08,966 [INFO] okx_trade_fetcher: Fetching trades for BTC-USDT after 1137687764 before None
2026-01-04 02:16:09,166 [INFO] httpx: HTTP Request: GET https://www.okx.com/api/v5/market/history-trades?instId=BTC-USDT&after=1137687764 "HTTP/2 200 OK"
2026-01-04 02:16:09,167 [INFO] okx_trade_fetcher: Fetching trades for BTC-USDT after 1137687664 before None
2026-01-04 02:16:09,410 [INFO] httpx: HTTP Request: GET https://www.okx.com/api/v5/market/history-trades?instId=BTC-USDT&after=1137687664 "HTTP/2 200 OK"
2026-01-04 02:16:09,411 [INFO] okx_trade_fetcher: Fetching trades for BTC-USDT after 1137687564 before None
2026-01-04 02:16:09,646 [INFO] httpx: HTTP Request: GET https://www.okx.com/api/v5/market/history-trades?instId=BTC-USDT&after=1137687564 "HTTP/2 200 OK"
2026-01-04 02:16:09,646 [INFO] okx_trade_fetcher: Fetching trades for BTC-USDT after 1137687464 before None
2026-01-04 02:16:09,890 [INFO] httpx: HTTP Request: GET https://www.okx.com/api/v5/market/history-trades?instId=BTC-USDT&after=1137687464 "HTTP/2 200 OK"
2026-01-04 02:16:09,892 [INFO] file_storage.storage_router: Flushing 2000 BTC-USDT records for 2026-01-04
2026-01-04 02:16:09,892 [INFO] file_storage.storage_writers.local_storage_writer: Saving table to BTC-USDT/2026/1/4.parquet
2026-01-04 02:16:09,893 [INFO] file_storage.storage_router: Clearing buffer for 2026-01-04
2026-01-04 02:16:09,893 [INFO] okx_trade_fetcher: Fetching trades for BTC-USDT after 1137687364 before None
2026-01-04 02:16:10,133 [INFO] httpx: HTTP Request: GET https://www.okx.com/api/v5/market/history-trades?instId=BTC-USDT&after=1137687364 "HTTP/2 200 OK"
2026-01-04 02:16:10,134 [INFO] okx_trade_fetcher: Fetching trades for BTC-USDT after 1137687264 before None
2026-01-04 02:16:10,334 [INFO] httpx: HTTP Request: GET https://www.okx.com/api/v5/market/history-trades?instId=BTC-USDT&after=1137687264 "HTTP/2 200 OK"
2026-01-04 02:16:10,334 [INFO] okx_trade_fetcher: Fetching trades for BTC-USDT after 1137687164 before None
2026-01-04 02:16:10,531 [INFO] httpx: HTTP Request: GET https://www.okx.com/api/v5/market/history-trades?instId=BTC-USDT&after=1137687164 "HTTP/2 200 OK"
2026-01-04 02:16:10,532 [INFO] okx_trade_fetcher: Fetching trades for BTC-USDT after 1137687064 before None
2026-01-04 02:16:14,314 [INFO] httpx: HTTP Request: GET https://www.okx.com/api/v5/market/history-trades?instId=BTC-USDT&after=1137687064 "HTTP/2 200 OK"
2026-01-04 02:16:14,315 [INFO] okx_trade_fetcher: Fetching trades for BTC-USDT after 1137686964 before None
2026-01-04 02:16:14,565 [INFO] httpx: HTTP Request: GET https://www.okx.com/api/v5/market/history-trades?instId=BTC-USDT&after=1137686964 "HTTP/2 200 OK"
2026-01-04 02:16:14,566 [INFO] okx_trade_fetcher: Fetching trades for BTC-USDT after 1137686864 before None
2026-01-04 02:16:14,812 [INFO] httpx: HTTP Request: GET https://www.okx.com/api/v5/market/history-trades?instId=BTC-USDT&after=1137686864 "HTTP/2 200 OK"
2026-01-04 02:16:14,812 [INFO] okx_trade_fetcher: Fetching trades for BTC-USDT after 1137686764 before None
2026-01-04 02:16:15,043 [INFO] httpx: HTTP Request: GET https://www.okx.com/api/v5/market/history-trades?instId=BTC-USDT&after=1137686764 "HTTP/2 200 OK"
2026-01-04 02:16:15,044 [INFO] okx_trade_fetcher: Fetching trades for BTC-USDT after 1137686664 before None
2026-01-04 02:16:15,292 [INFO] httpx: HTTP Request: GET https://www.okx.com/api/v5/market/history-trades?instId=BTC-USDT&after=1137686664 "HTTP/2 200 OK"
2026-01-04 02:16:15,293 [INFO] okx_trade_fetcher: Fetching trades for BTC-USDT after 1137686564 before None
2026-01-04 02:16:15,532 [INFO] httpx: HTTP Request: GET https://www.okx.com/api/v5/market/history-trades?instId=BTC-USDT&after=1137686564 "HTTP/2 200 OK"
2026-01-04 02:16:15,533 [INFO] okx_trade_fetcher: Fetching trades for BTC-USDT after 1137686464 before None
2026-01-04 02:16:15,801 [INFO] httpx: HTTP Request: GET https://www.okx.com/api/v5/market/history-trades?instId=BTC-USDT&after=1137686464 "HTTP/2 200 OK"
2026-01-04 02:16:15,802 [INFO] okx_trade_fetcher: Fetching trades for BTC-USDT after 1137686364 before None
2026-01-04 02:16:16,050 [INFO] httpx: HTTP Request: GET https://www.okx.com/api/v5/market/history-trades?instId=BTC-USDT&after=1137686364 "HTTP/2 200 OK"
2026-01-04 02:16:16,051 [INFO] okx_trade_fetcher: Fetching trades for BTC-USDT after 1137686264 before None
2026-01-04 02:16:16,250 [INFO] httpx: HTTP Request: GET https://www.okx.com/api/v5/market/history-trades?instId=BTC-USDT&after=1137686264 "HTTP/2 200 OK"
2026-01-04 02:16:16,250 [INFO] okx_trade_fetcher: Fetching trades for BTC-USDT after 1137686164 before None
2026-01-04 02:16:16,491 [INFO] httpx: HTTP Request: GET https://www.okx.com/api/v5/market/history-trades?instId=BTC-USDT&after=1137686164 "HTTP/2 200 OK"
2026-01-04 02:16:16,493 [INFO] okx_trade_fetcher: Fetching trades for BTC-USDT after 1137686064 before None
2026-01-04 02:16:16,734 [INFO] httpx: HTTP Request: GET https://www.okx.com/api/v5/market/history-trades?instId=BTC-USDT&after=1137686064 "HTTP/2 200 OK"
2026-01-04 02:16:16,735 [INFO] okx_trade_fetcher: Fetching trades for BTC-USDT after 1137685964 before None
2026-01-04 02:16:16,934 [INFO] httpx: HTTP Request: GET https://www.okx.com/api/v5/market/history-trades?instId=BTC-USDT&after=1137685964 "HTTP/2 200 OK"
2026-01-04 02:16:16,935 [INFO] okx_trade_fetcher: Fetching trades for BTC-USDT after 1137685864 before None
2026-01-04 02:16:17,178 [INFO] httpx: HTTP Request: GET https://www.okx.com/api/v5/market/history-trades?instId=BTC-USDT&after=1137685864 "HTTP/2 200 OK"
2026-01-04 02:16:17,179 [INFO] okx_trade_fetcher: Fetching trades for BTC-USDT after 1137685764 before None
2026-01-04 02:16:17,412 [INFO] httpx: HTTP Request: GET https://www.okx.com/api/v5/market/history-trades?instId=BTC-USDT&after=1137685764 "HTTP/2 200 OK"
2026-01-04 02:16:17,414 [INFO] okx_trade_fetcher: Fetching trades for BTC-USDT after 1137685664 before None
2026-01-04 02:16:17,656 [INFO] httpx: HTTP Request: GET https://www.okx.com/api/v5/market/history-trades?instId=BTC-USDT&after=1137685664 "HTTP/2 200 OK"
2026-01-04 02:16:17,657 [INFO] okx_trade_fetcher: Fetching trades for BTC-USDT after 1137685564 before None
2026-01-04 02:16:17,899 [INFO] httpx: HTTP Request: GET https://www.okx.com/api/v5/market/history-trades?instId=BTC-USDT&after=1137685564 "HTTP/2 200 OK"
2026-01-04 02:16:17,900 [INFO] okx_trade_fetcher: Fetching trades for BTC-USDT after 1137685464 before None
2026-01-04 02:16:18,133 [INFO] httpx: HTTP Request: GET https://www.okx.com/api/v5/market/history-trades?instId=BTC-USDT&after=1137685464 "HTTP/2 200 OK"
2026-01-04 02:16:18,137 [INFO] file_storage.storage_router: Flushing 2000 BTC-USDT records for 2026-01-04
2026-01-04 02:16:18,138 [INFO] file_storage.storage_writers.local_storage_writer: Saving table to BTC-USDT/2026/1/4.parquet
2026-01-04 02:16:18,139 [INFO] file_storage.storage_router: Clearing buffer for 2026-01-04
2026-01-04 02:16:18,139 [INFO] okx_trade_fetcher: Fetching trades for BTC-USDT after 1137685364 before None
2026-01-04 02:16:18,338 [INFO] httpx: HTTP Request: GET https://www.okx.com/api/v5/market/history-trades?instId=BTC-USDT&after=1137685364 "HTTP/2 200 OK"
2026-01-04 02:16:18,339 [INFO] okx_trade_fetcher: Fetching trades for BTC-USDT after 1137685264 before None
2026-01-04 02:16:18,582 [INFO] httpx: HTTP Request: GET https://www.okx.com/api/v5/market/history-trades?instId=BTC-USDT&after=1137685264 "HTTP/2 200 OK"
2026-01-04 02:16:18,583 [INFO] okx_trade_fetcher: Fetching trades for BTC-USDT after 1137685164 before None
2026-01-04 02:16:18,823 [INFO] httpx: HTTP Request: GET https://www.okx.com/api/v5/market/history-trades?instId=BTC-USDT&after=1137685164 "HTTP/2 200 OK"
2026-01-04 02:16:18,824 [INFO] okx_trade_fetcher: Fetching trades for BTC-USDT after 1137685064 before None
2026-01-04 02:16:19,055 [INFO] httpx: HTTP Request: GET https://www.okx.com/api/v5/market/history-trades?instId=BTC-USDT&after=1137685064 "HTTP/2 200 OK"
2026-01-04 02:16:19,056 [INFO] okx_trade_fetcher: Fetching trades for BTC-USDT after 1137684964 before None
2026-01-04 02:16:19,304 [INFO] httpx: HTTP Request: GET https://www.okx.com/api/v5/market/history-trades?instId=BTC-USDT&after=1137684964 "HTTP/2 200 OK"
2026-01-04 02:16:19,305 [INFO] okx_trade_fetcher: Fetching trades for BTC-USDT after 1137684864 before None
2026-01-04 02:16:19,544 [INFO] httpx: HTTP Request: GET https://www.okx.com/api/v5/market/history-trades?instId=BTC-USDT&after=1137684864 "HTTP/2 200 OK"
2026-01-04 02:16:19,545 [INFO] okx_trade_fetcher: Fetching trades for BTC-USDT after 1137684764 before None
2026-01-04 02:16:19,791 [INFO] httpx: HTTP Request: GET https://www.okx.com/api/v5/market/history-trades?instId=BTC-USDT&after=1137684764 "HTTP/2 200 OK"
2026-01-04 02:16:19,793 [INFO] okx_trade_fetcher: Fetching trades for BTC-USDT after 1137684664 before None
2026-01-04 02:16:20,032 [INFO] httpx: HTTP Request: GET https://www.okx.com/api/v5/market/history-trades?instId=BTC-USDT&after=1137684664 "HTTP/2 200 OK"
2026-01-04 02:16:20,033 [INFO] okx_trade_fetcher: Fetching trades for BTC-USDT after 1137684564 before None
2026-01-04 02:16:20,273 [INFO] httpx: HTTP Request: GET https://www.okx.com/api/v5/market/history-trades?instId=BTC-USDT&after=1137684564 "HTTP/2 200 OK"
2026-01-04 02:16:20,275 [INFO] okx_trade_fetcher: Fetching trades for BTC-USDT after 1137684464 before None
2026-01-04 02:16:20,472 [INFO] httpx: HTTP Request: GET https://www.okx.com/api/v5/market/history-trades?instId=BTC-USDT&after=1137684464 "HTTP/2 200 OK"
2026-01-04 02:16:20,473 [INFO] okx_trade_fetcher: Fetching trades for BTC-USDT after 1137684364 before None
2026-01-04 02:16:20,728 [INFO] httpx: HTTP Request: GET https://www.okx.com/api/v5/market/history-trades?instId=BTC-USDT&after=1137684364 "HTTP/2 200 OK"
2026-01-04 02:16:20,729 [INFO] okx_trade_fetcher: Fetching trades for BTC-USDT after 1137684264 before None
2026-01-04 02:16:20,972 [INFO] httpx: HTTP Request: GET https://www.okx.com/api/v5/market/history-trades?instId=BTC-USDT&after=1137684264 "HTTP/2 200 OK"
2026-01-04 02:16:20,973 [INFO] okx_trade_fetcher: Fetching trades for BTC-USDT after 1137684164 before None
2026-01-04 02:16:21,213 [INFO] httpx: HTTP Request: GET https://www.okx.com/api/v5/market/history-trades?instId=BTC-USDT&after=1137684164 "HTTP/2 200 OK"
2026-01-04 02:16:21,213 [INFO] okx_trade_fetcher: Fetching trades for BTC-USDT after 1137684064 before None
2026-01-04 02:16:21,451 [INFO] httpx: HTTP Request: GET https://www.okx.com/api/v5/market/history-trades?instId=BTC-USDT&after=1137684064 "HTTP/2 200 OK"
2026-01-04 02:16:21,452 [INFO] okx_trade_fetcher: Fetching trades for BTC-USDT after 1137683964 before None
2026-01-04 02:16:21,685 [INFO] httpx: HTTP Request: GET https://www.okx.com/api/v5/market/history-trades?instId=BTC-USDT&after=1137683964 "HTTP/2 200 OK"
2026-01-04 02:16:21,686 [INFO] okx_trade_fetcher: Fetching trades for BTC-USDT after 1137683864 before None
2026-01-04 02:16:21,936 [INFO] httpx: HTTP Request: GET https://www.okx.com/api/v5/market/history-trades?instId=BTC-USDT&after=1137683864 "HTTP/2 200 OK"
2026-01-04 02:16:21,936 [INFO] okx_trade_fetcher: Fetching trades for BTC-USDT after 1137683764 before None
2026-01-04 02:16:22,178 [INFO] httpx: HTTP Request: GET https://www.okx.com/api/v5/market/history-trades?instId=BTC-USDT&after=1137683764 "HTTP/2 200 OK"
2026-01-04 02:16:22,179 [INFO] okx_trade_fetcher: Fetching trades for BTC-USDT after 1137683664 before None
2026-01-04 02:16:22,375 [INFO] httpx: HTTP Request: GET https://www.okx.com/api/v5/market/history-trades?instId=BTC-USDT&after=1137683664 "HTTP/2 200 OK"
2026-01-04 02:16:22,375 [INFO] okx_trade_fetcher: Fetching trades for BTC-USDT after 1137683564 before None
2026-01-04 02:16:22,618 [INFO] httpx: HTTP Request: GET https://www.okx.com/api/v5/market/history-trades?instId=BTC-USDT&after=1137683564 "HTTP/2 200 OK"
2026-01-04 02:16:22,619 [INFO] okx_trade_fetcher: Fetching trades for BTC-USDT after 1137683464 before None
2026-01-04 02:16:22,850 [INFO] httpx: HTTP Request: GET https://www.okx.com/api/v5/market/history-trades?instId=BTC-USDT&after=1137683464 "HTTP/2 200 OK"
2026-01-04 02:16:22,853 [INFO] file_storage.storage_router: Flushing 2000 BTC-USDT records for 2026-01-04
2026-01-04 02:16:22,853 [INFO] file_storage.storage_writers.local_storage_writer: Saving table to BTC-USDT/2026/1/4.parquet
2026-01-04 02:16:22,853 [INFO] file_storage.storage_router: Clearing buffer for 2026-01-04
2026-01-04 02:16:22,853 [INFO] okx_trade_fetcher: Fetching trades for BTC-USDT after 1137683364 before None
2026-01-04 02:16:23,102 [INFO] httpx: HTTP Request: GET https://www.okx.com/api/v5/market/history-trades?instId=BTC-USDT&after=1137683364 "HTTP/2 200 OK"
2026-01-04 02:16:23,103 [INFO] okx_trade_fetcher: Fetching trades for BTC-USDT after 1137683264 before None
2026-01-04 02:16:23,299 [INFO] httpx: HTTP Request: GET https://www.okx.com/api/v5/market/history-trades?instId=BTC-USDT&after=1137683264 "HTTP/2 200 OK"
2026-01-04 02:16:23,300 [INFO] okx_trade_fetcher: Fetching trades for BTC-USDT after 1137683164 before None
2026-01-04 02:16:23,560 [INFO] httpx: HTTP Request: GET https://www.okx.com/api/v5/market/history-trades?instId=BTC-USDT&after=1137683164 "HTTP/2 200 OK"
2026-01-04 02:16:23,561 [INFO] okx_trade_fetcher: Fetching trades for BTC-USDT after 1137683064 before None
2026-01-04 02:16:23,811 [INFO] httpx: HTTP Request: GET https://www.okx.com/api/v5/market/history-trades?instId=BTC-USDT&after=1137683064 "HTTP/2 200 OK"
2026-01-04 02:16:23,812 [INFO] okx_trade_fetcher: Fetching trades for BTC-USDT after 1137682964 before None
2026-01-04 02:16:24,052 [INFO] httpx: HTTP Request: GET https://www.okx.com/api/v5/market/history-trades?instId=BTC-USDT&after=1137682964 "HTTP/2 200 OK"
2026-01-04 02:16:24,053 [INFO] okx_trade_fetcher: Fetching trades for BTC-USDT after 1137682864 before None
2026-01-04 02:16:24,252 [INFO] httpx: HTTP Request: GET https://www.okx.com/api/v5/market/history-trades?instId=BTC-USDT&after=1137682864 "HTTP/2 200 OK"
2026-01-04 02:16:24,253 [INFO] okx_trade_fetcher: Fetching trades for BTC-USDT after 1137682764 before None
2026-01-04 02:16:24,452 [INFO] httpx: HTTP Request: GET https://www.okx.com/api/v5/market/history-trades?instId=BTC-USDT&after=1137682764 "HTTP/2 200 OK"
2026-01-04 02:16:24,453 [INFO] okx_trade_fetcher: Fetching trades for BTC-USDT after 1137682664 before None
2026-01-04 02:16:24,700 [INFO] httpx: HTTP Request: GET https://www.okx.com/api/v5/market/history-trades?instId=BTC-USDT&after=1137682664 "HTTP/2 200 OK"
2026-01-04 02:16:24,702 [INFO] okx_trade_fetcher: Fetching trades for BTC-USDT after 1137682564 before None
2026-01-04 02:16:24,944 [INFO] httpx: HTTP Request: GET https://www.okx.com/api/v5/market/history-trades?instId=BTC-USDT&after=1137682564 "HTTP/2 200 OK"
2026-01-04 02:16:24,945 [INFO] okx_trade_fetcher: Fetching trades for BTC-USDT after 1137682464 before None
2026-01-04 02:16:25,190 [INFO] httpx: HTTP Request: GET https://www.okx.com/api/v5/market/history-trades?instId=BTC-USDT&after=1137682464 "HTTP/2 200 OK"
2026-01-04 02:16:25,191 [INFO] okx_trade_fetcher: Fetching trades for BTC-USDT after 1137682364 before None
2026-01-04 02:16:25,389 [INFO] httpx: HTTP Request: GET https://www.okx.com/api/v5/market/history-trades?instId=BTC-USDT&after=1137682364 "HTTP/2 200 OK"
2026-01-04 02:16:25,390 [INFO] okx_trade_fetcher: Fetching trades for BTC-USDT after 1137682264 before None
2026-01-04 02:16:25,626 [INFO] httpx: HTTP Request: GET https://www.okx.com/api/v5/market/history-trades?instId=BTC-USDT&after=1137682264 "HTTP/2 200 OK"
2026-01-04 02:16:25,628 [INFO] okx_trade_fetcher: Fetching trades for BTC-USDT after 1137682164 before None
2026-01-04 02:16:25,874 [INFO] httpx: HTTP Request: GET https://www.okx.com/api/v5/market/history-trades?instId=BTC-USDT&after=1137682164 "HTTP/2 200 OK"
2026-01-04 02:16:25,875 [INFO] okx_trade_fetcher: Fetching trades for BTC-USDT after 1137682064 before None
2026-01-04 02:16:26,074 [INFO] httpx: HTTP Request: GET https://www.okx.com/api/v5/market/history-trades?instId=BTC-USDT&after=1137682064 "HTTP/2 200 OK"
2026-01-04 02:16:26,075 [INFO] okx_trade_fetcher: Fetching trades for BTC-USDT after 1137681964 before None
2026-01-04 02:16:26,356 [INFO] httpx: HTTP Request: GET https://www.okx.com/api/v5/market/history-trades?instId=BTC-USDT&after=1137681964 "HTTP/2 200 OK"
2026-01-04 02:16:26,357 [INFO] okx_trade_fetcher: Fetching trades for BTC-USDT after 1137681864 before None
2026-01-04 02:16:26,659 [INFO] httpx: HTTP Request: GET https://www.okx.com/api/v5/market/history-trades?instId=BTC-USDT&after=1137681864 "HTTP/2 200 OK"
2026-01-04 02:16:26,660 [INFO] okx_trade_fetcher: Fetching trades for BTC-USDT after 1137681764 before None
2026-01-04 02:16:26,901 [INFO] httpx: HTTP Request: GET https://www.okx.com/api/v5/market/history-trades?instId=BTC-USDT&after=1137681764 "HTTP/2 200 OK"
2026-01-04 02:16:26,902 [INFO] okx_trade_fetcher: Fetching trades for BTC-USDT after 1137681664 before None
2026-01-04 02:16:27,142 [INFO] httpx: HTTP Request: GET https://www.okx.com/api/v5/market/history-trades?instId=BTC-USDT&after=1137681664 "HTTP/2 200 OK"
2026-01-04 02:16:27,143 [INFO] okx_trade_fetcher: Fetching trades for BTC-USDT after 1137681564 before None
2026-01-04 02:16:27,382 [INFO] httpx: HTTP Request: GET https://www.okx.com/api/v5/market/history-trades?instId=BTC-USDT&after=1137681564 "HTTP/2 200 OK"
2026-01-04 02:16:27,383 [INFO] okx_trade_fetcher: Fetching trades for BTC-USDT after 1137681464 before None
2026-01-04 02:16:27,618 [INFO] httpx: HTTP Request: GET https://www.okx.com/api/v5/market/history-trades?instId=BTC-USDT&after=1137681464 "HTTP/2 200 OK"
2026-01-04 02:16:27,620 [INFO] file_storage.storage_router: Flushing 2000 BTC-USDT records for 2026-01-04
2026-01-04 02:16:27,621 [INFO] file_storage.storage_writers.local_storage_writer: Saving table to BTC-USDT/2026/1/4.parquet
2026-01-04 02:16:27,621 [INFO] file_storage.storage_router: Clearing buffer for 2026-01-04
2026-01-04 02:16:27,621 [INFO] okx_trade_fetcher: Fetching trades for BTC-USDT after 1137681364 before None
2026-01-04 02:16:27,817 [INFO] httpx: HTTP Request: GET https://www.okx.com/api/v5/market/history-trades?instId=BTC-USDT&after=1137681364 "HTTP/2 200 OK"
2026-01-04 02:16:27,817 [INFO] okx_trade_fetcher: Fetching trades for BTC-USDT after 1137681264 before None
2026-01-04 02:16:28,011 [INFO] httpx: HTTP Request: GET https://www.okx.com/api/v5/market/history-trades?instId=BTC-USDT&after=1137681264 "HTTP/2 200 OK"
2026-01-04 02:16:28,012 [INFO] okx_trade_fetcher: Fetching trades for BTC-USDT after 1137681164 before None
2026-01-04 02:16:28,257 [INFO] httpx: HTTP Request: GET https://www.okx.com/api/v5/market/history-trades?instId=BTC-USDT&after=1137681164 "HTTP/2 200 OK"
2026-01-04 02:16:28,258 [INFO] okx_trade_fetcher: Fetching trades for BTC-USDT after 1137681064 before None
2026-01-04 02:16:28,490 [INFO] httpx: HTTP Request: GET https://www.okx.com/api/v5/market/history-trades?instId=BTC-USDT&after=1137681064 "HTTP/2 200 OK"
2026-01-04 02:16:28,490 [INFO] okx_trade_fetcher: Fetching trades for BTC-USDT after 1137680964 before None
2026-01-04 02:16:28,701 [INFO] httpx: HTTP Request: GET https://www.okx.com/api/v5/market/history-trades?instId=BTC-USDT&after=1137680964 "HTTP/2 200 OK"
2026-01-04 02:16:28,703 [INFO] okx_trade_fetcher: Fetching trades for BTC-USDT after 1137680864 before None
2026-01-04 02:16:28,946 [INFO] httpx: HTTP Request: GET https://www.okx.com/api/v5/market/history-trades?instId=BTC-USDT&after=1137680864 "HTTP/2 200 OK"
2026-01-04 02:16:28,947 [INFO] okx_trade_fetcher: Fetching trades for BTC-USDT after 1137680764 before None
2026-01-04 02:16:29,190 [INFO] httpx: HTTP Request: GET https://www.okx.com/api/v5/market/history-trades?instId=BTC-USDT&after=1137680764 "HTTP/2 200 OK"
2026-01-04 02:16:29,191 [INFO] okx_trade_fetcher: Fetching trades for BTC-USDT after 1137680664 before None
2026-01-04 02:16:29,387 [INFO] httpx: HTTP Request: GET https://www.okx.com/api/v5/market/history-trades?instId=BTC-USDT&after=1137680664 "HTTP/2 200 OK"
2026-01-04 02:16:29,387 [INFO] okx_trade_fetcher: Fetching trades for BTC-USDT after 1137680564 before None
2026-01-04 02:16:29,639 [INFO] httpx: HTTP Request: GET https://www.okx.com/api/v5/market/history-trades?instId=BTC-USDT&after=1137680564 "HTTP/2 200 OK"
2026-01-04 02:16:29,641 [INFO] okx_trade_fetcher: Fetching trades for BTC-USDT after 1137680464 before None
2026-01-04 02:16:29,881 [INFO] httpx: HTTP Request: GET https://www.okx.com/api/v5/market/history-trades?instId=BTC-USDT&after=1137680464 "HTTP/2 200 OK"
2026-01-04 02:16:29,881 [INFO] okx_trade_fetcher: Fetching trades for BTC-USDT after 1137680364 before None
2026-01-04 02:16:30,121 [INFO] httpx: HTTP Request: GET https://www.okx.com/api/v5/market/history-trades?instId=BTC-USDT&after=1137680364 "HTTP/2 200 OK"
2026-01-04 02:16:30,121 [INFO] okx_trade_fetcher: Fetching trades for BTC-USDT after 1137680264 before None
2026-01-04 02:16:30,360 [INFO] httpx: HTTP Request: GET https://www.okx.com/api/v5/market/history-trades?instId=BTC-USDT&after=1137680264 "HTTP/2 200 OK"
2026-01-04 02:16:30,362 [INFO] okx_trade_fetcher: Fetching trades for BTC-USDT after 1137680164 before None
2026-01-04 02:16:30,593 [INFO] httpx: HTTP Request: GET https://www.okx.com/api/v5/market/history-trades?instId=BTC-USDT&after=1137680164 "HTTP/2 200 OK"
2026-01-04 02:16:30,594 [INFO] okx_trade_fetcher: Fetching trades for BTC-USDT after 1137680064 before None
2026-01-04 02:16:30,833 [INFO] httpx: HTTP Request: GET https://www.okx.com/api/v5/market/history-trades?instId=BTC-USDT&after=1137680064 "HTTP/2 200 OK"
2026-01-04 02:16:30,834 [INFO] okx_trade_fetcher: Fetching trades for BTC-USDT after 1137679964 before None
2026-01-04 02:16:31,079 [INFO] httpx: HTTP Request: GET https://www.okx.com/api/v5/market/history-trades?instId=BTC-USDT&after=1137679964 "HTTP/2 200 OK"
2026-01-04 02:16:31,080 [INFO] okx_trade_fetcher: Fetching trades for BTC-USDT after 1137679864 before None
2026-01-04 02:16:31,322 [INFO] httpx: HTTP Request: GET https://www.okx.com/api/v5/market/history-trades?instId=BTC-USDT&after=1137679864 "HTTP/2 200 OK"
2026-01-04 02:16:31,324 [INFO] okx_trade_fetcher: Fetching trades for BTC-USDT after 1137679764 before None
2026-01-04 02:16:31,573 [INFO] httpx: HTTP Request: GET https://www.okx.com/api/v5/market/history-trades?instId=BTC-USDT&after=1137679764 "HTTP/2 200 OK"
2026-01-04 02:16:31,575 [INFO] okx_trade_fetcher: Fetching trades for BTC-USDT after 1137679664 before None
2026-01-04 02:16:31,815 [INFO] httpx: HTTP Request: GET https://www.okx.com/api/v5/market/history-trades?instId=BTC-USDT&after=1137679664 "HTTP/2 200 OK"
2026-01-04 02:16:31,816 [INFO] okx_trade_fetcher: Fetching trades for BTC-USDT after 1137679564 before None
2026-01-04 02:16:32,064 [INFO] httpx: HTTP Request: GET https://www.okx.com/api/v5/market/history-trades?instId=BTC-USDT&after=1137679564 "HTTP/2 200 OK"
2026-01-04 02:16:32,064 [INFO] okx_trade_fetcher: Fetching trades for BTC-USDT after 1137679464 before None
2026-01-04 02:16:32,307 [INFO] httpx: HTTP Request: GET https://www.okx.com/api/v5/market/history-trades?instId=BTC-USDT&after=1137679464 "HTTP/2 200 OK"
2026-01-04 02:16:32,309 [INFO] file_storage.storage_router: Flushing 2000 BTC-USDT records for 2026-01-04
2026-01-04 02:16:32,309 [INFO] file_storage.storage_writers.local_storage_writer: Saving table to BTC-USDT/2026/1/4.parquet
2026-01-04 02:16:32,310 [INFO] file_storage.storage_router: Clearing buffer for 2026-01-04
2026-01-04 02:16:32,310 [INFO] okx_trade_fetcher: Fetching trades for BTC-USDT after 1137679364 before None
2026-01-04 02:16:32,543 [INFO] httpx: HTTP Request: GET https://www.okx.com/api/v5/market/history-trades?instId=BTC-USDT&after=1137679364 "HTTP/2 200 OK"
2026-01-04 02:16:32,544 [INFO] okx_trade_fetcher: Fetching trades for BTC-USDT after 1137679264 before None
2026-01-04 02:16:32,786 [INFO] httpx: HTTP Request: GET https://www.okx.com/api/v5/market/history-trades?instId=BTC-USDT&after=1137679264 "HTTP/2 200 OK"
2026-01-04 02:16:32,786 [INFO] okx_trade_fetcher: Fetching trades for BTC-USDT after 1137679164 before None
2026-01-04 02:16:32,984 [INFO] httpx: HTTP Request: GET https://www.okx.com/api/v5/market/history-trades?instId=BTC-USDT&after=1137679164 "HTTP/2 200 OK"
2026-01-04 02:16:32,984 [INFO] okx_trade_fetcher: Fetching trades for BTC-USDT after 1137679064 before None
2026-01-04 02:16:33,214 [INFO] httpx: HTTP Request: GET https://www.okx.com/api/v5/market/history-trades?instId=BTC-USDT&after=1137679064 "HTTP/2 200 OK"
2026-01-04 02:16:33,215 [INFO] okx_trade_fetcher: Fetching trades for BTC-USDT after 1137678964 before None
2026-01-04 02:16:33,412 [INFO] httpx: HTTP Request: GET https://www.okx.com/api/v5/market/history-trades?instId=BTC-USDT&after=1137678964 "HTTP/2 200 OK"
2026-01-04 02:16:33,414 [INFO] okx_trade_fetcher: Fetching trades for BTC-USDT after 1137678864 before None
2026-01-04 02:16:33,653 [INFO] httpx: HTTP Request: GET https://www.okx.com/api/v5/market/history-trades?instId=BTC-USDT&after=1137678864 "HTTP/2 200 OK"
2026-01-04 02:16:33,654 [INFO] okx_trade_fetcher: Fetching trades for BTC-USDT after 1137678764 before None
2026-01-04 02:16:33,899 [INFO] httpx: HTTP Request: GET https://www.okx.com/api/v5/market/history-trades?instId=BTC-USDT&after=1137678764 "HTTP/2 200 OK"
2026-01-04 02:16:33,900 [INFO] okx_trade_fetcher: Fetching trades for BTC-USDT after 1137678664 before None
2026-01-04 02:16:34,140 [INFO] httpx: HTTP Request: GET https://www.okx.com/api/v5/market/history-trades?instId=BTC-USDT&after=1137678664 "HTTP/2 200 OK"
2026-01-04 02:16:34,141 [INFO] okx_trade_fetcher: Fetching trades for BTC-USDT after 1137678564 before None
2026-01-04 02:16:34,339 [INFO] httpx: HTTP Request: GET https://www.okx.com/api/v5/market/history-trades?instId=BTC-USDT&after=1137678564 "HTTP/2 200 OK"
2026-01-04 02:16:34,340 [INFO] okx_trade_fetcher: Fetching trades for BTC-USDT after 1137678464 before None
2026-01-04 02:16:34,573 [INFO] httpx: HTTP Request: GET https://www.okx.com/api/v5/market/history-trades?instId=BTC-USDT&after=1137678464 "HTTP/2 200 OK"
2026-01-04 02:16:34,574 [INFO] okx_trade_fetcher: Fetching trades for BTC-USDT after 1137678364 before None
2026-01-04 02:16:34,815 [INFO] httpx: HTTP Request: GET https://www.okx.com/api/v5/market/history-trades?instId=BTC-USDT&after=1137678364 "HTTP/2 200 OK"
2026-01-04 02:16:34,816 [INFO] okx_trade_fetcher: Fetching trades for BTC-USDT after 1137678264 before None
2026-01-04 02:16:35,057 [INFO] httpx: HTTP Request: GET https://www.okx.com/api/v5/market/history-trades?instId=BTC-USDT&after=1137678264 "HTTP/2 200 OK"
2026-01-04 02:16:35,058 [INFO] okx_trade_fetcher: Fetching trades for BTC-USDT after 1137678164 before None
2026-01-04 02:16:35,257 [INFO] httpx: HTTP Request: GET https://www.okx.com/api/v5/market/history-trades?instId=BTC-USDT&after=1137678164 "HTTP/2 200 OK"
2026-01-04 02:16:35,258 [INFO] okx_trade_fetcher: Fetching trades for BTC-USDT after 1137678064 before None
2026-01-04 02:16:35,509 [INFO] httpx: HTTP Request: GET https://www.okx.com/api/v5/market/history-trades?instId=BTC-USDT&after=1137678064 "HTTP/2 200 OK"
2026-01-04 02:16:35,509 [INFO] okx_trade_fetcher: Fetching trades for BTC-USDT after 1137677964 before None
2026-01-04 02:16:35,743 [INFO] httpx: HTTP Request: GET https://www.okx.com/api/v5/market/history-trades?instId=BTC-USDT&after=1137677964 "HTTP/2 200 OK"
2026-01-04 02:16:35,744 [INFO] okx_trade_fetcher: Fetching trades for BTC-USDT after 1137677864 before None
2026-01-04 02:16:35,989 [INFO] httpx: HTTP Request: GET https://www.okx.com/api/v5/market/history-trades?instId=BTC-USDT&after=1137677864 "HTTP/2 200 OK"
2026-01-04 02:16:35,990 [INFO] okx_trade_fetcher: Fetching trades for BTC-USDT after 1137677764 before None
2026-01-04 02:16:36,186 [INFO] httpx: HTTP Request: GET https://www.okx.com/api/v5/market/history-trades?instId=BTC-USDT&after=1137677764 "HTTP/2 200 OK"
2026-01-04 02:16:36,187 [INFO] okx_trade_fetcher: Fetching trades for BTC-USDT after 1137677664 before None
2026-01-04 02:16:36,422 [INFO] httpx: HTTP Request: GET https://www.okx.com/api/v5/market/history-trades?instId=BTC-USDT&after=1137677664 "HTTP/2 200 OK"
2026-01-04 02:16:36,423 [INFO] okx_trade_fetcher: Fetching trades for BTC-USDT after 1137677564 before None
2026-01-04 02:16:36,670 [INFO] httpx: HTTP Request: GET https://www.okx.com/api/v5/market/history-trades?instId=BTC-USDT&after=1137677564 "HTTP/2 200 OK"
2026-01-04 02:16:36,671 [INFO] okx_trade_fetcher: Fetching trades for BTC-USDT after 1137677464 before None
2026-01-04 02:16:36,868 [INFO] httpx: HTTP Request: GET https://www.okx.com/api/v5/market/history-trades?instId=BTC-USDT&after=1137677464 "HTTP/2 200 OK"
2026-01-04 02:16:36,871 [INFO] file_storage.storage_router: Flushing 2000 BTC-USDT records for 2026-01-04
2026-01-04 02:16:36,871 [INFO] file_storage.storage_writers.local_storage_writer: Saving table to BTC-USDT/2026/1/4.parquet
2026-01-04 02:16:36,871 [INFO] file_storage.storage_router: Clearing buffer for 2026-01-04
2026-01-04 02:16:36,872 [INFO] okx_trade_fetcher: Fetching trades for BTC-USDT after 1137677364 before None
2026-01-04 02:16:37,110 [INFO] httpx: HTTP Request: GET https://www.okx.com/api/v5/market/history-trades?instId=BTC-USDT&after=1137677364 "HTTP/2 200 OK"
2026-01-04 02:16:37,111 [INFO] okx_trade_fetcher: Fetching trades for BTC-USDT after 1137677264 before None
2026-01-04 02:16:37,346 [INFO] httpx: HTTP Request: GET https://www.okx.com/api/v5/market/history-trades?instId=BTC-USDT&after=1137677264 "HTTP/2 200 OK"
2026-01-04 02:16:37,347 [INFO] okx_trade_fetcher: Fetching trades for BTC-USDT after 1137677164 before None
2026-01-04 02:16:37,578 [INFO] httpx: HTTP Request: GET https://www.okx.com/api/v5/market/history-trades?instId=BTC-USDT&after=1137677164 "HTTP/2 200 OK"
2026-01-04 02:16:37,579 [INFO] okx_trade_fetcher: Fetching trades for BTC-USDT after 1137677064 before None
2026-01-04 02:16:37,822 [INFO] httpx: HTTP Request: GET https://www.okx.com/api/v5/market/history-trades?instId=BTC-USDT&after=1137677064 "HTTP/2 200 OK"
2026-01-04 02:16:37,823 [INFO] okx_trade_fetcher: Fetching trades for BTC-USDT after 1137676964 before None
2026-01-04 02:16:38,065 [INFO] httpx: HTTP Request: GET https://www.okx.com/api/v5/market/history-trades?instId=BTC-USDT&after=1137676964 "HTTP/2 200 OK"
2026-01-04 02:16:38,066 [INFO] okx_trade_fetcher: Fetching trades for BTC-USDT after 1137676864 before None
2026-01-04 02:16:38,306 [INFO] httpx: HTTP Request: GET https://www.okx.com/api/v5/market/history-trades?instId=BTC-USDT&after=1137676864 "HTTP/2 200 OK"
2026-01-04 02:16:38,307 [INFO] okx_trade_fetcher: Fetching trades for BTC-USDT after 1137676764 before None
2026-01-04 02:16:38,547 [INFO] httpx: HTTP Request: GET https://www.okx.com/api/v5/market/history-trades?instId=BTC-USDT&after=1137676764 "HTTP/2 200 OK"
2026-01-04 02:16:38,549 [INFO] okx_trade_fetcher: Fetching trades for BTC-USDT after 1137676664 before None
2026-01-04 02:16:38,743 [INFO] httpx: HTTP Request: GET https://www.okx.com/api/v5/market/history-trades?instId=BTC-USDT&after=1137676664 "HTTP/2 200 OK"
2026-01-04 02:16:38,744 [INFO] okx_trade_fetcher: Fetching trades for BTC-USDT after 1137676564 before None
2026-01-04 02:16:38,996 [INFO] httpx: HTTP Request: GET https://www.okx.com/api/v5/market/history-trades?instId=BTC-USDT&after=1137676564 "HTTP/2 200 OK"
2026-01-04 02:16:38,997 [INFO] okx_trade_fetcher: Fetching trades for BTC-USDT after 1137676464 before None
2026-01-04 02:16:39,236 [INFO] httpx: HTTP Request: GET https://www.okx.com/api/v5/market/history-trades?instId=BTC-USDT&after=1137676464 "HTTP/2 200 OK"
2026-01-04 02:16:39,237 [INFO] okx_trade_fetcher: Fetching trades for BTC-USDT after 1137676364 before None
2026-01-04 02:16:39,469 [INFO] httpx: HTTP Request: GET https://www.okx.com/api/v5/market/history-trades?instId=BTC-USDT&after=1137676364 "HTTP/2 200 OK"
2026-01-04 02:16:39,470 [INFO] okx_trade_fetcher: Fetching trades for BTC-USDT after 1137676264 before None
2026-01-04 02:16:39,711 [INFO] httpx: HTTP Request: GET https://www.okx.com/api/v5/market/history-trades?instId=BTC-USDT&after=1137676264 "HTTP/2 200 OK"
2026-01-04 02:16:39,712 [INFO] okx_trade_fetcher: Fetching trades for BTC-USDT after 1137676164 before None
2026-01-04 02:16:39,954 [INFO] httpx: HTTP Request: GET https://www.okx.com/api/v5/market/history-trades?instId=BTC-USDT&after=1137676164 "HTTP/2 200 OK"
2026-01-04 02:16:39,956 [INFO] okx_trade_fetcher: Fetching trades for BTC-USDT after 1137676064 before None
2026-01-04 02:16:40,205 [INFO] httpx: HTTP Request: GET https://www.okx.com/api/v5/market/history-trades?instId=BTC-USDT&after=1137676064 "HTTP/2 200 OK"
2026-01-04 02:16:40,207 [INFO] okx_trade_fetcher: Fetching trades for BTC-USDT after 1137675964 before None
2026-01-04 02:16:40,438 [INFO] httpx: HTTP Request: GET https://www.okx.com/api/v5/market/history-trades?instId=BTC-USDT&after=1137675964 "HTTP/2 200 OK"
2026-01-04 02:16:40,439 [INFO] okx_trade_fetcher: Fetching trades for BTC-USDT after 1137675864 before None
2026-01-04 02:16:40,690 [INFO] httpx: HTTP Request: GET https://www.okx.com/api/v5/market/history-trades?instId=BTC-USDT&after=1137675864 "HTTP/2 200 OK"
2026-01-04 02:16:40,691 [INFO] okx_trade_fetcher: Fetching trades for BTC-USDT after 1137675764 before None
2026-01-04 02:16:40,933 [INFO] httpx: HTTP Request: GET https://www.okx.com/api/v5/market/history-trades?instId=BTC-USDT&after=1137675764 "HTTP/2 200 OK"
2026-01-04 02:16:40,937 [INFO] okx_trade_fetcher: Fetching trades for BTC-USDT after 1137675664 before None
2026-01-04 02:16:41,137 [INFO] httpx: HTTP Request: GET https://www.okx.com/api/v5/market/history-trades?instId=BTC-USDT&after=1137675664 "HTTP/2 200 OK"
2026-01-04 02:16:41,138 [INFO] okx_trade_fetcher: Fetching trades for BTC-USDT after 1137675564 before None
2026-01-04 02:16:41,385 [INFO] httpx: HTTP Request: GET https://www.okx.com/api/v5/market/history-trades?instId=BTC-USDT&after=1137675564 "HTTP/2 200 OK"
2026-01-04 02:16:41,386 [INFO] okx_trade_fetcher: Fetching trades for BTC-USDT after 1137675464 before None
2026-01-04 02:16:41,627 [INFO] httpx: HTTP Request: GET https://www.okx.com/api/v5/market/history-trades?instId=BTC-USDT&after=1137675464 "HTTP/2 200 OK"
2026-01-04 02:16:41,629 [INFO] file_storage.storage_router: Flushing 2000 BTC-USDT records for 2026-01-04
2026-01-04 02:16:41,629 [INFO] file_storage.storage_writers.local_storage_writer: Saving table to BTC-USDT/2026/1/4.parquet
2026-01-04 02:16:41,629 [INFO] file_storage.storage_router: Clearing buffer for 2026-01-04
2026-01-04 02:16:41,630 [INFO] okx_trade_fetcher: Fetching trades for BTC-USDT after 1137675364 before None
2026-01-04 02:16:41,872 [INFO] httpx: HTTP Request: GET https://www.okx.com/api/v5/market/history-trades?instId=BTC-USDT&after=1137675364 "HTTP/2 200 OK"
2026-01-04 02:16:41,873 [INFO] okx_trade_fetcher: Fetching trades for BTC-USDT after 1137675264 before None
2026-01-04 02:16:42,106 [INFO] httpx: HTTP Request: GET https://www.okx.com/api/v5/market/history-trades?instId=BTC-USDT&after=1137675264 "HTTP/2 200 OK"
2026-01-04 02:16:42,106 [INFO] okx_trade_fetcher: Fetching trades for BTC-USDT after 1137675164 before None
2026-01-04 02:16:42,337 [INFO] httpx: HTTP Request: GET https://www.okx.com/api/v5/market/history-trades?instId=BTC-USDT&after=1137675164 "HTTP/2 200 OK"
2026-01-04 02:16:42,338 [INFO] okx_trade_fetcher: Fetching trades for BTC-USDT after 1137675064 before None
2026-01-04 02:16:42,578 [INFO] httpx: HTTP Request: GET https://www.okx.com/api/v5/market/history-trades?instId=BTC-USDT&after=1137675064 "HTTP/2 200 OK"
2026-01-04 02:16:42,579 [INFO] okx_trade_fetcher: Fetching trades for BTC-USDT after 1137674964 before None
2026-01-04 02:16:42,818 [INFO] httpx: HTTP Request: GET https://www.okx.com/api/v5/market/history-trades?instId=BTC-USDT&after=1137674964 "HTTP/2 200 OK"
2026-01-04 02:16:42,819 [INFO] okx_trade_fetcher: Fetching trades for BTC-USDT after 1137674864 before None
2026-01-04 02:16:43,059 [INFO] httpx: HTTP Request: GET https://www.okx.com/api/v5/market/history-trades?instId=BTC-USDT&after=1137674864 "HTTP/2 200 OK"
2026-01-04 02:16:43,060 [INFO] okx_trade_fetcher: Fetching trades for BTC-USDT after 1137674764 before None
2026-01-04 02:16:43,313 [INFO] httpx: HTTP Request: GET https://www.okx.com/api/v5/market/history-trades?instId=BTC-USDT&after=1137674764 "HTTP/2 200 OK"
2026-01-04 02:16:43,313 [INFO] okx_trade_fetcher: Fetching trades for BTC-USDT after 1137674664 before None
2026-01-04 02:16:43,561 [INFO] httpx: HTTP Request: GET https://www.okx.com/api/v5/market/history-trades?instId=BTC-USDT&after=1137674664 "HTTP/2 200 OK"
2026-01-04 02:16:43,562 [INFO] okx_trade_fetcher: Fetching trades for BTC-USDT after 1137674564 before None
2026-01-04 02:16:43,756 [INFO] httpx: HTTP Request: GET https://www.okx.com/api/v5/market/history-trades?instId=BTC-USDT&after=1137674564 "HTTP/2 200 OK"
2026-01-04 02:16:43,757 [INFO] okx_trade_fetcher: Fetching trades for BTC-USDT after 1137674464 before None
2026-01-04 02:16:43,953 [INFO] httpx: HTTP Request: GET https://www.okx.com/api/v5/market/history-trades?instId=BTC-USDT&after=1137674464 "HTTP/2 200 OK"
2026-01-04 02:16:43,954 [INFO] okx_trade_fetcher: Fetching trades for BTC-USDT after 1137674364 before None
2026-01-04 02:16:44,192 [INFO] httpx: HTTP Request: GET https://www.okx.com/api/v5/market/history-trades?instId=BTC-USDT&after=1137674364 "HTTP/2 200 OK"
2026-01-04 02:16:44,193 [INFO] okx_trade_fetcher: Fetching trades for BTC-USDT after 1137674264 before None
2026-01-04 02:16:44,440 [INFO] httpx: HTTP Request: GET https://www.okx.com/api/v5/market/history-trades?instId=BTC-USDT&after=1137674264 "HTTP/2 200 OK"
2026-01-04 02:16:44,442 [INFO] okx_trade_fetcher: Fetching trades for BTC-USDT after 1137674164 before None
2026-01-04 02:16:44,675 [INFO] httpx: HTTP Request: GET https://www.okx.com/api/v5/market/history-trades?instId=BTC-USDT&after=1137674164 "HTTP/2 200 OK"
2026-01-04 02:16:44,676 [INFO] okx_trade_fetcher: Fetching trades for BTC-USDT after 1137674064 before None
2026-01-04 02:16:44,871 [INFO] httpx: HTTP Request: GET https://www.okx.com/api/v5/market/history-trades?instId=BTC-USDT&after=1137674064 "HTTP/2 200 OK"
2026-01-04 02:16:44,872 [INFO] okx_trade_fetcher: Fetching trades for BTC-USDT after 1137673964 before None
2026-01-04 02:16:45,105 [INFO] httpx: HTTP Request: GET https://www.okx.com/api/v5/market/history-trades?instId=BTC-USDT&after=1137673964 "HTTP/2 200 OK"
2026-01-04 02:16:45,105 [INFO] okx_trade_fetcher: Fetching trades for BTC-USDT after 1137673864 before None
2026-01-04 02:16:45,301 [INFO] httpx: HTTP Request: GET https://www.okx.com/api/v5/market/history-trades?instId=BTC-USDT&after=1137673864 "HTTP/2 200 OK"
2026-01-04 02:16:45,303 [INFO] okx_trade_fetcher: Fetching trades for BTC-USDT after 1137673764 before None
2026-01-04 02:16:45,561 [INFO] httpx: HTTP Request: GET https://www.okx.com/api/v5/market/history-trades?instId=BTC-USDT&after=1137673764 "HTTP/2 200 OK"
2026-01-04 02:16:45,562 [INFO] okx_trade_fetcher: Fetching trades for BTC-USDT after 1137673664 before None
2026-01-04 02:16:45,757 [INFO] httpx: HTTP Request: GET https://www.okx.com/api/v5/market/history-trades?instId=BTC-USDT&after=1137673664 "HTTP/2 200 OK"
2026-01-04 02:16:45,757 [INFO] okx_trade_fetcher: Fetching trades for BTC-USDT after 1137673564 before None
2026-01-04 02:16:45,952 [INFO] httpx: HTTP Request: GET https://www.okx.com/api/v5/market/history-trades?instId=BTC-USDT&after=1137673564 "HTTP/2 200 OK"
2026-01-04 02:16:45,954 [INFO] okx_trade_fetcher: Fetching trades for BTC-USDT after 1137673464 before None
2026-01-04 02:16:46,148 [INFO] httpx: HTTP Request: GET https://www.okx.com/api/v5/market/history-trades?instId=BTC-USDT&after=1137673464 "HTTP/2 200 OK"
2026-01-04 02:16:46,151 [INFO] file_storage.storage_router: Flushing 2000 BTC-USDT records for 2026-01-04
2026-01-04 02:16:46,152 [INFO] file_storage.storage_writers.local_storage_writer: Saving table to BTC-USDT/2026/1/4.parquet
2026-01-04 02:16:46,152 [INFO] file_storage.storage_router: Clearing buffer for 2026-01-04
2026-01-04 02:16:46,153 [INFO] okx_trade_fetcher: Fetching trades for BTC-USDT after 1137673364 before None
2026-01-04 02:16:46,383 [INFO] httpx: HTTP Request: GET https://www.okx.com/api/v5/market/history-trades?instId=BTC-USDT&after=1137673364 "HTTP/2 200 OK"
2026-01-04 02:16:46,384 [INFO] okx_trade_fetcher: Fetching trades for BTC-USDT after 1137673264 before None
2026-01-04 02:16:50,214 [INFO] httpx: HTTP Request: GET https://www.okx.com/api/v5/market/history-trades?instId=BTC-USDT&after=1137673264 "HTTP/2 200 OK"
2026-01-04 02:16:50,215 [INFO] okx_trade_fetcher: Fetching trades for BTC-USDT after 1137673164 before None
2026-01-04 02:16:50,460 [INFO] httpx: HTTP Request: GET https://www.okx.com/api/v5/market/history-trades?instId=BTC-USDT&after=1137673164 "HTTP/2 200 OK"
2026-01-04 02:16:50,460 [INFO] okx_trade_fetcher: Fetching trades for BTC-USDT after 1137673064 before None
2026-01-04 02:16:50,656 [INFO] httpx: HTTP Request: GET https://www.okx.com/api/v5/market/history-trades?instId=BTC-USDT&after=1137673064 "HTTP/2 200 OK"
2026-01-04 02:16:50,657 [INFO] okx_trade_fetcher: Fetching trades for BTC-USDT after 1137672964 before None
2026-01-04 02:16:50,895 [INFO] httpx: HTTP Request: GET https://www.okx.com/api/v5/market/history-trades?instId=BTC-USDT&after=1137672964 "HTTP/2 200 OK"
2026-01-04 02:16:50,897 [INFO] okx_trade_fetcher: Fetching trades for BTC-USDT after 1137672864 before None
2026-01-04 02:16:51,138 [INFO] httpx: HTTP Request: GET https://www.okx.com/api/v5/market/history-trades?instId=BTC-USDT&after=1137672864 "HTTP/2 200 OK"
2026-01-04 02:16:51,139 [INFO] okx_trade_fetcher: Fetching trades for BTC-USDT after 1137672764 before None
2026-01-04 02:16:51,378 [INFO] httpx: HTTP Request: GET https://www.okx.com/api/v5/market/history-trades?instId=BTC-USDT&after=1137672764 "HTTP/2 200 OK"
2026-01-04 02:16:51,379 [INFO] okx_trade_fetcher: Fetching trades for BTC-USDT after 1137672664 before None
2026-01-04 02:16:51,626 [INFO] httpx: HTTP Request: GET https://www.okx.com/api/v5/market/history-trades?instId=BTC-USDT&after=1137672664 "HTTP/2 200 OK"
2026-01-04 02:16:51,627 [INFO] okx_trade_fetcher: Fetching trades for BTC-USDT after 1137672564 before None
2026-01-04 02:16:51,860 [INFO] httpx: HTTP Request: GET https://www.okx.com/api/v5/market/history-trades?instId=BTC-USDT&after=1137672564 "HTTP/2 200 OK"
2026-01-04 02:16:51,860 [INFO] okx_trade_fetcher: Fetching trades for BTC-USDT after 1137672464 before None
2026-01-04 02:16:52,106 [INFO] httpx: HTTP Request: GET https://www.okx.com/api/v5/market/history-trades?instId=BTC-USDT&after=1137672464 "HTTP/2 200 OK"
2026-01-04 02:16:52,108 [INFO] okx_trade_fetcher: Fetching trades for BTC-USDT after 1137672364 before None
2026-01-04 02:16:52,348 [INFO] httpx: HTTP Request: GET https://www.okx.com/api/v5/market/history-trades?instId=BTC-USDT&after=1137672364 "HTTP/2 200 OK"
2026-01-04 02:16:52,350 [INFO] okx_trade_fetcher: Fetching trades for BTC-USDT after 1137672264 before None
2026-01-04 02:16:52,599 [INFO] httpx: HTTP Request: GET https://www.okx.com/api/v5/market/history-trades?instId=BTC-USDT&after=1137672264 "HTTP/2 200 OK"
2026-01-04 02:16:52,601 [INFO] okx_trade_fetcher: Fetching trades for BTC-USDT after 1137672164 before None
2026-01-04 02:16:52,798 [INFO] httpx: HTTP Request: GET https://www.okx.com/api/v5/market/history-trades?instId=BTC-USDT&after=1137672164 "HTTP/2 200 OK"
2026-01-04 02:16:52,799 [INFO] okx_trade_fetcher: Fetching trades for BTC-USDT after 1137672064 before None
2026-01-04 02:16:53,046 [INFO] httpx: HTTP Request: GET https://www.okx.com/api/v5/market/history-trades?instId=BTC-USDT&after=1137672064 "HTTP/2 200 OK"
2026-01-04 02:16:53,047 [INFO] okx_trade_fetcher: Fetching trades for BTC-USDT after 1137671964 before None
2026-01-04 02:16:53,288 [INFO] httpx: HTTP Request: GET https://www.okx.com/api/v5/market/history-trades?instId=BTC-USDT&after=1137671964 "HTTP/2 200 OK"
2026-01-04 02:16:53,290 [INFO] okx_trade_fetcher: Fetching trades for BTC-USDT after 1137671864 before None
2026-01-04 02:16:53,545 [INFO] httpx: HTTP Request: GET https://www.okx.com/api/v5/market/history-trades?instId=BTC-USDT&after=1137671864 "HTTP/2 200 OK"
2026-01-04 02:16:53,547 [INFO] okx_trade_fetcher: Fetching trades for BTC-USDT after 1137671764 before None
2026-01-04 02:16:53,788 [INFO] httpx: HTTP Request: GET https://www.okx.com/api/v5/market/history-trades?instId=BTC-USDT&after=1137671764 "HTTP/2 200 OK"
2026-01-04 02:16:53,789 [INFO] okx_trade_fetcher: Fetching trades for BTC-USDT after 1137671664 before None
2026-01-04 02:16:54,046 [INFO] httpx: HTTP Request: GET https://www.okx.com/api/v5/market/history-trades?instId=BTC-USDT&after=1137671664 "HTTP/2 200 OK"
2026-01-04 02:16:54,047 [INFO] okx_trade_fetcher: Fetching trades for BTC-USDT after 1137671564 before None
2026-01-04 02:16:54,294 [INFO] httpx: HTTP Request: GET https://www.okx.com/api/v5/market/history-trades?instId=BTC-USDT&after=1137671564 "HTTP/2 200 OK"
2026-01-04 02:16:54,295 [INFO] okx_trade_fetcher: Fetching trades for BTC-USDT after 1137671464 before None
2026-01-04 02:16:54,535 [INFO] httpx: HTTP Request: GET https://www.okx.com/api/v5/market/history-trades?instId=BTC-USDT&after=1137671464 "HTTP/2 200 OK"
2026-01-04 02:16:54,535 [INFO] okx_trade_fetcher: Fetching trades for BTC-USDT after 1137671364 before None
2026-01-04 02:16:54,784 [INFO] httpx: HTTP Request: GET https://www.okx.com/api/v5/market/history-trades?instId=BTC-USDT&after=1137671364 "HTTP/2 200 OK"
2026-01-04 02:16:54,786 [INFO] okx_trade_fetcher: Fetching trades for BTC-USDT after 1137671264 before None
2026-01-04 02:16:55,023 [INFO] httpx: HTTP Request: GET https://www.okx.com/api/v5/market/history-trades?instId=BTC-USDT&after=1137671264 "HTTP/2 200 OK"
2026-01-04 02:16:55,023 [INFO] okx_trade_fetcher: Fetching trades for BTC-USDT after 1137671164 before None
2026-01-04 02:16:55,272 [INFO] httpx: HTTP Request: GET https://www.okx.com/api/v5/market/history-trades?instId=BTC-USDT&after=1137671164 "HTTP/2 200 OK"
2026-01-04 02:16:55,275 [INFO] file_storage.storage_router: Flushing 2000 BTC-USDT records for 2026-01-03
2026-01-04 02:16:55,275 [INFO] file_storage.storage_writers.local_storage_writer: Saving table to BTC-USDT/2026/1/3.parquet
2026-01-04 02:16:55,292 [INFO] file_storage.storage_router: Clearing buffer for 2026-01-03
2026-01-04 02:16:55,292 [INFO] okx_trade_fetcher: Fetching trades for BTC-USDT after 1137671064 before None
2026-01-04 02:16:55,531 [INFO] httpx: HTTP Request: GET https://www.okx.com/api/v5/market/history-trades?instId=BTC-USDT&after=1137671064 "HTTP/2 200 OK"
2026-01-04 02:16:55,533 [INFO] okx_trade_fetcher: Fetching trades for BTC-USDT after 1137670964 before None
2026-01-04 02:16:55,780 [INFO] httpx: HTTP Request: GET https://www.okx.com/api/v5/market/history-trades?instId=BTC-USDT&after=1137670964 "HTTP/2 200 OK"
2026-01-04 02:16:55,781 [INFO] okx_trade_fetcher: Fetching trades for BTC-USDT after 1137670864 before None
2026-01-04 02:16:56,019 [INFO] httpx: HTTP Request: GET https://www.okx.com/api/v5/market/history-trades?instId=BTC-USDT&after=1137670864 "HTTP/2 200 OK"
2026-01-04 02:16:56,020 [INFO] okx_trade_fetcher: Fetching trades for BTC-USDT after 1137670764 before None
2026-01-04 02:16:56,253 [INFO] httpx: HTTP Request: GET https://www.okx.com/api/v5/market/history-trades?instId=BTC-USDT&after=1137670764 "HTTP/2 200 OK"
2026-01-04 02:16:56,254 [INFO] okx_trade_fetcher: Fetching trades for BTC-USDT after 1137670664 before None
2026-01-04 02:16:56,494 [INFO] httpx: HTTP Request: GET https://www.okx.com/api/v5/market/history-trades?instId=BTC-USDT&after=1137670664 "HTTP/2 200 OK"
2026-01-04 02:16:56,496 [INFO] okx_trade_fetcher: Fetching trades for BTC-USDT after 1137670564 before None
2026-01-04 02:16:56,736 [INFO] httpx: HTTP Request: GET https://www.okx.com/api/v5/market/history-trades?instId=BTC-USDT&after=1137670564 "HTTP/2 200 OK"
2026-01-04 02:16:56,737 [INFO] okx_trade_fetcher: Fetching trades for BTC-USDT after 1137670464 before None
2026-01-04 02:16:56,985 [INFO] httpx: HTTP Request: GET https://www.okx.com/api/v5/market/history-trades?instId=BTC-USDT&after=1137670464 "HTTP/2 200 OK"
2026-01-04 02:16:56,987 [INFO] okx_trade_fetcher: Fetching trades for BTC-USDT after 1137670364 before None
2026-01-04 02:16:57,184 [INFO] httpx: HTTP Request: GET https://www.okx.com/api/v5/market/history-trades?instId=BTC-USDT&after=1137670364 "HTTP/2 200 OK"
2026-01-04 02:16:57,185 [INFO] okx_trade_fetcher: Fetching trades for BTC-USDT after 1137670264 before None
2026-01-04 02:16:57,447 [INFO] httpx: HTTP Request: GET https://www.okx.com/api/v5/market/history-trades?instId=BTC-USDT&after=1137670264 "HTTP/2 200 OK"
2026-01-04 02:16:57,448 [INFO] okx_trade_fetcher: Fetching trades for BTC-USDT after 1137670164 before None
2026-01-04 02:16:57,695 [INFO] httpx: HTTP Request: GET https://www.okx.com/api/v5/market/history-trades?instId=BTC-USDT&after=1137670164 "HTTP/2 200 OK"
2026-01-04 02:16:57,696 [INFO] okx_trade_fetcher: Fetching trades for BTC-USDT after 1137670064 before None
2026-01-04 02:16:57,934 [INFO] httpx: HTTP Request: GET https://www.okx.com/api/v5/market/history-trades?instId=BTC-USDT&after=1137670064 "HTTP/2 200 OK"
2026-01-04 02:16:57,935 [INFO] okx_trade_fetcher: Fetching trades for BTC-USDT after 1137669964 before None
2026-01-04 02:16:58,182 [INFO] httpx: HTTP Request: GET https://www.okx.com/api/v5/market/history-trades?instId=BTC-USDT&after=1137669964 "HTTP/2 200 OK"
2026-01-04 02:16:58,184 [INFO] okx_trade_fetcher: Fetching trades for BTC-USDT after 1137669864 before None
2026-01-04 02:16:58,415 [INFO] httpx: HTTP Request: GET https://www.okx.com/api/v5/market/history-trades?instId=BTC-USDT&after=1137669864 "HTTP/2 200 OK"
2026-01-04 02:16:58,417 [INFO] okx_trade_fetcher: Fetching trades for BTC-USDT after 1137669764 before None
2026-01-04 02:16:58,609 [INFO] httpx: HTTP Request: GET https://www.okx.com/api/v5/market/history-trades?instId=BTC-USDT&after=1137669764 "HTTP/2 200 OK"
2026-01-04 02:16:58,610 [INFO] okx_trade_fetcher: Fetching trades for BTC-USDT after 1137669664 before None
2026-01-04 02:16:58,840 [INFO] httpx: HTTP Request: GET https://www.okx.com/api/v5/market/history-trades?instId=BTC-USDT&after=1137669664 "HTTP/2 200 OK"
2026-01-04 02:16:58,840 [INFO] okx_trade_fetcher: Fetching trades for BTC-USDT after 1137669564 before None
2026-01-04 02:16:59,071 [INFO] httpx: HTTP Request: GET https://www.okx.com/api/v5/market/history-trades?instId=BTC-USDT&after=1137669564 "HTTP/2 200 OK"
2026-01-04 02:16:59,072 [INFO] okx_trade_fetcher: Fetching trades for BTC-USDT after 1137669464 before None
2026-01-04 02:16:59,311 [INFO] httpx: HTTP Request: GET https://www.okx.com/api/v5/market/history-trades?instId=BTC-USDT&after=1137669464 "HTTP/2 200 OK"
2026-01-04 02:16:59,312 [INFO] okx_trade_fetcher: Fetching trades for BTC-USDT after 1137669364 before None
2026-01-04 02:16:59,550 [INFO] httpx: HTTP Request: GET https://www.okx.com/api/v5/market/history-trades?instId=BTC-USDT&after=1137669364 "HTTP/2 200 OK"
2026-01-04 02:16:59,550 [INFO] okx_trade_fetcher: Fetching trades for BTC-USDT after 1137669264 before None
2026-01-04 02:16:59,788 [INFO] httpx: HTTP Request: GET https://www.okx.com/api/v5/market/history-trades?instId=BTC-USDT&after=1137669264 "HTTP/2 200 OK"
2026-01-04 02:16:59,789 [INFO] okx_trade_fetcher: Fetching trades for BTC-USDT after 1137669164 before None
2026-01-04 02:17:00,029 [INFO] httpx: HTTP Request: GET https://www.okx.com/api/v5/market/history-trades?instId=BTC-USDT&after=1137669164 "HTTP/2 200 OK"
2026-01-04 02:17:00,033 [INFO] file_storage.storage_router: Flushing 2000 BTC-USDT records for 2026-01-03
2026-01-04 02:17:00,033 [INFO] file_storage.storage_writers.local_storage_writer: Saving table to BTC-USDT/2026/1/3.parquet
2026-01-04 02:17:00,034 [INFO] file_storage.storage_router: Clearing buffer for 2026-01-03
2026-01-04 02:17:00,034 [INFO] okx_trade_fetcher: Fetching trades for BTC-USDT after 1137669064 before None
2026-01-04 02:17:00,301 [INFO] httpx: HTTP Request: GET https://www.okx.com/api/v5/market/history-trades?instId=BTC-USDT&after=1137669064 "HTTP/2 200 OK"
2026-01-04 02:17:00,303 [INFO] okx_trade_fetcher: Fetching trades for BTC-USDT after 1137668964 before None
2026-01-04 02:17:00,544 [INFO] httpx: HTTP Request: GET https://www.okx.com/api/v5/market/history-trades?instId=BTC-USDT&after=1137668964 "HTTP/2 200 OK"
2026-01-04 02:17:00,546 [INFO] okx_trade_fetcher: Fetching trades for BTC-USDT after 1137668864 before None
2026-01-04 02:17:00,785 [INFO] httpx: HTTP Request: GET https://www.okx.com/api/v5/market/history-trades?instId=BTC-USDT&after=1137668864 "HTTP/2 200 OK"
2026-01-04 02:17:00,786 [INFO] okx_trade_fetcher: Fetching trades for BTC-USDT after 1137668764 before None
2026-01-04 02:17:01,018 [INFO] httpx: HTTP Request: GET https://www.okx.com/api/v5/market/history-trades?instId=BTC-USDT&after=1137668764 "HTTP/2 200 OK"
2026-01-04 02:17:01,019 [INFO] okx_trade_fetcher: Fetching trades for BTC-USDT after 1137668664 before None
2026-01-04 02:17:01,217 [INFO] httpx: HTTP Request: GET https://www.okx.com/api/v5/market/history-trades?instId=BTC-USDT&after=1137668664 "HTTP/2 200 OK"
2026-01-04 02:17:01,218 [INFO] okx_trade_fetcher: Fetching trades for BTC-USDT after 1137668564 before None
2026-01-04 02:17:01,457 [INFO] httpx: HTTP Request: GET https://www.okx.com/api/v5/market/history-trades?instId=BTC-USDT&after=1137668564 "HTTP/2 200 OK"
2026-01-04 02:17:01,458 [INFO] okx_trade_fetcher: Fetching trades for BTC-USDT after 1137668464 before None
2026-01-04 02:17:01,690 [INFO] httpx: HTTP Request: GET https://www.okx.com/api/v5/market/history-trades?instId=BTC-USDT&after=1137668464 "HTTP/2 200 OK"
2026-01-04 02:17:01,691 [INFO] okx_trade_fetcher: Fetching trades for BTC-USDT after 1137668364 before None
2026-01-04 02:17:01,935 [INFO] httpx: HTTP Request: GET https://www.okx.com/api/v5/market/history-trades?instId=BTC-USDT&after=1137668364 "HTTP/2 200 OK"
2026-01-04 02:17:01,935 [INFO] okx_trade_fetcher: Fetching trades for BTC-USDT after 1137668264 before None
2026-01-04 02:17:02,178 [INFO] httpx: HTTP Request: GET https://www.okx.com/api/v5/market/history-trades?instId=BTC-USDT&after=1137668264 "HTTP/2 200 OK"
2026-01-04 02:17:02,179 [INFO] okx_trade_fetcher: Fetching trades for BTC-USDT after 1137668164 before None
2026-01-04 02:17:02,411 [INFO] httpx: HTTP Request: GET https://www.okx.com/api/v5/market/history-trades?instId=BTC-USDT&after=1137668164 "HTTP/2 200 OK"
2026-01-04 02:17:02,412 [INFO] okx_trade_fetcher: Fetching trades for BTC-USDT after 1137668064 before None
2026-01-04 02:17:02,657 [INFO] httpx: HTTP Request: GET https://www.okx.com/api/v5/market/history-trades?instId=BTC-USDT&after=1137668064 "HTTP/2 200 OK"
2026-01-04 02:17:02,658 [INFO] okx_trade_fetcher: Fetching trades for BTC-USDT after 1137667964 before None
2026-01-04 02:17:02,898 [INFO] httpx: HTTP Request: GET https://www.okx.com/api/v5/market/history-trades?instId=BTC-USDT&after=1137667964 "HTTP/2 200 OK"
2026-01-04 02:17:02,899 [INFO] okx_trade_fetcher: Fetching trades for BTC-USDT after 1137667864 before None
2026-01-04 02:17:03,131 [INFO] httpx: HTTP Request: GET https://www.okx.com/api/v5/market/history-trades?instId=BTC-USDT&after=1137667864 "HTTP/2 200 OK"
2026-01-04 02:17:03,133 [INFO] okx_trade_fetcher: Fetching trades for BTC-USDT after 1137667764 before None
2026-01-04 02:17:03,385 [INFO] httpx: HTTP Request: GET https://www.okx.com/api/v5/market/history-trades?instId=BTC-USDT&after=1137667764 "HTTP/2 200 OK"
2026-01-04 02:17:03,387 [INFO] okx_trade_fetcher: Fetching trades for BTC-USDT after 1137667664 before None
2026-01-04 02:17:03,625 [INFO] httpx: HTTP Request: GET https://www.okx.com/api/v5/market/history-trades?instId=BTC-USDT&after=1137667664 "HTTP/2 200 OK"
2026-01-04 02:17:03,628 [INFO] okx_trade_fetcher: Fetching trades for BTC-USDT after 1137667564 before None
2026-01-04 02:17:03,868 [INFO] httpx: HTTP Request: GET https://www.okx.com/api/v5/market/history-trades?instId=BTC-USDT&after=1137667564 "HTTP/2 200 OK"
2026-01-04 02:17:03,869 [INFO] okx_trade_fetcher: Fetching trades for BTC-USDT after 1137667464 before None
2026-01-04 02:17:04,100 [INFO] httpx: HTTP Request: GET https://www.okx.com/api/v5/market/history-trades?instId=BTC-USDT&after=1137667464 "HTTP/2 200 OK"
2026-01-04 02:17:04,101 [INFO] okx_trade_fetcher: Fetching trades for BTC-USDT after 1137667364 before None
2026-01-04 02:17:04,341 [INFO] httpx: HTTP Request: GET https://www.okx.com/api/v5/market/history-trades?instId=BTC-USDT&after=1137667364 "HTTP/2 200 OK"
2026-01-04 02:17:04,343 [INFO] okx_trade_fetcher: Fetching trades for BTC-USDT after 1137667264 before None
2026-01-04 02:17:04,590 [INFO] httpx: HTTP Request: GET https://www.okx.com/api/v5/market/history-trades?instId=BTC-USDT&after=1137667264 "HTTP/2 200 OK"
2026-01-04 02:17:04,591 [INFO] okx_trade_fetcher: Fetching trades for BTC-USDT after 1137667164 before None
2026-01-04 02:17:04,832 [INFO] httpx: HTTP Request: GET https://www.okx.com/api/v5/market/history-trades?instId=BTC-USDT&after=1137667164 "HTTP/2 200 OK"
2026-01-04 02:17:04,835 [INFO] file_storage.storage_router: Flushing 2000 BTC-USDT records for 2026-01-03
2026-01-04 02:17:04,835 [INFO] file_storage.storage_writers.local_storage_writer: Saving table to BTC-USDT/2026/1/3.parquet
2026-01-04 02:17:04,835 [INFO] file_storage.storage_router: Clearing buffer for 2026-01-03
2026-01-04 02:17:04,836 [INFO] okx_trade_fetcher: Fetching trades for BTC-USDT after 1137667064 before None
2026-01-04 02:17:05,076 [INFO] httpx: HTTP Request: GET https://www.okx.com/api/v5/market/history-trades?instId=BTC-USDT&after=1137667064 "HTTP/2 200 OK"
2026-01-04 02:17:05,077 [INFO] okx_trade_fetcher: Fetching trades for BTC-USDT after 1137666964 before None
2026-01-04 02:17:05,318 [INFO] httpx: HTTP Request: GET https://www.okx.com/api/v5/market/history-trades?instId=BTC-USDT&after=1137666964 "HTTP/2 200 OK"
2026-01-04 02:17:05,319 [INFO] okx_trade_fetcher: Fetching trades for BTC-USDT after 1137666864 before None
2026-01-04 02:17:05,513 [INFO] httpx: HTTP Request: GET https://www.okx.com/api/v5/market/history-trades?instId=BTC-USDT&after=1137666864 "HTTP/2 200 OK"
2026-01-04 02:17:05,515 [INFO] okx_trade_fetcher: Fetching trades for BTC-USDT after 1137666764 before None
2026-01-04 02:17:05,760 [INFO] httpx: HTTP Request: GET https://www.okx.com/api/v5/market/history-trades?instId=BTC-USDT&after=1137666764 "HTTP/2 200 OK"
2026-01-04 02:17:05,761 [INFO] okx_trade_fetcher: Fetching trades for BTC-USDT after 1137666664 before None
2026-01-04 02:17:05,999 [INFO] httpx: HTTP Request: GET https://www.okx.com/api/v5/market/history-trades?instId=BTC-USDT&after=1137666664 "HTTP/2 200 OK"
2026-01-04 02:17:06,000 [INFO] okx_trade_fetcher: Fetching trades for BTC-USDT after 1137666564 before None
2026-01-04 02:17:06,232 [INFO] httpx: HTTP Request: GET https://www.okx.com/api/v5/market/history-trades?instId=BTC-USDT&after=1137666564 "HTTP/2 200 OK"
2026-01-04 02:17:06,234 [INFO] okx_trade_fetcher: Fetching trades for BTC-USDT after 1137666464 before None
2026-01-04 02:17:06,475 [INFO] httpx: HTTP Request: GET https://www.okx.com/api/v5/market/history-trades?instId=BTC-USDT&after=1137666464 "HTTP/2 200 OK"
2026-01-04 02:17:06,476 [INFO] okx_trade_fetcher: Fetching trades for BTC-USDT after 1137666364 before None
2026-01-04 02:17:06,708 [INFO] httpx: HTTP Request: GET https://www.okx.com/api/v5/market/history-trades?instId=BTC-USDT&after=1137666364 "HTTP/2 200 OK"
2026-01-04 02:17:06,709 [INFO] okx_trade_fetcher: Fetching trades for BTC-USDT after 1137666264 before None
2026-01-04 02:17:06,972 [INFO] httpx: HTTP Request: GET https://www.okx.com/api/v5/market/history-trades?instId=BTC-USDT&after=1137666264 "HTTP/2 200 OK"
2026-01-04 02:17:06,973 [INFO] okx_trade_fetcher: Fetching trades for BTC-USDT after 1137666164 before None
2026-01-04 02:17:07,248 [INFO] httpx: HTTP Request: GET https://www.okx.com/api/v5/market/history-trades?instId=BTC-USDT&after=1137666164 "HTTP/2 200 OK"
2026-01-04 02:17:07,248 [INFO] okx_trade_fetcher: Fetching trades for BTC-USDT after 1137666064 before None
2026-01-04 02:17:07,488 [INFO] httpx: HTTP Request: GET https://www.okx.com/api/v5/market/history-trades?instId=BTC-USDT&after=1137666064 "HTTP/2 200 OK"
2026-01-04 02:17:07,489 [INFO] okx_trade_fetcher: Fetching trades for BTC-USDT after 1137665964 before None
2026-01-04 02:17:07,728 [INFO] httpx: HTTP Request: GET https://www.okx.com/api/v5/market/history-trades?instId=BTC-USDT&after=1137665964 "HTTP/2 200 OK"
2026-01-04 02:17:07,729 [INFO] okx_trade_fetcher: Fetching trades for BTC-USDT after 1137665864 before None
2026-01-04 02:17:07,971 [INFO] httpx: HTTP Request: GET https://www.okx.com/api/v5/market/history-trades?instId=BTC-USDT&after=1137665864 "HTTP/2 200 OK"
2026-01-04 02:17:07,972 [INFO] okx_trade_fetcher: Fetching trades for BTC-USDT after 1137665764 before None
2026-01-04 02:17:08,213 [INFO] httpx: HTTP Request: GET https://www.okx.com/api/v5/market/history-trades?instId=BTC-USDT&after=1137665764 "HTTP/2 200 OK"
2026-01-04 02:17:08,214 [INFO] okx_trade_fetcher: Fetching trades for BTC-USDT after 1137665664 before None
2026-01-04 02:17:08,452 [INFO] httpx: HTTP Request: GET https://www.okx.com/api/v5/market/history-trades?instId=BTC-USDT&after=1137665664 "HTTP/2 200 OK"
2026-01-04 02:17:08,455 [INFO] okx_trade_fetcher: Fetching trades for BTC-USDT after 1137665564 before None
2026-01-04 02:17:08,703 [INFO] httpx: HTTP Request: GET https://www.okx.com/api/v5/market/history-trades?instId=BTC-USDT&after=1137665564 "HTTP/2 200 OK"
2026-01-04 02:17:08,704 [INFO] okx_trade_fetcher: Fetching trades for BTC-USDT after 1137665464 before None
2026-01-04 02:17:08,897 [INFO] httpx: HTTP Request: GET https://www.okx.com/api/v5/market/history-trades?instId=BTC-USDT&after=1137665464 "HTTP/2 200 OK"
2026-01-04 02:17:08,898 [INFO] okx_trade_fetcher: Fetching trades for BTC-USDT after 1137665364 before None
2026-01-04 02:17:09,129 [INFO] httpx: HTTP Request: GET https://www.okx.com/api/v5/market/history-trades?instId=BTC-USDT&after=1137665364 "HTTP/2 200 OK"
2026-01-04 02:17:09,129 [INFO] okx_trade_fetcher: Fetching trades for BTC-USDT after 1137665264 before None
2026-01-04 02:17:09,369 [INFO] httpx: HTTP Request: GET https://www.okx.com/api/v5/market/history-trades?instId=BTC-USDT&after=1137665264 "HTTP/2 200 OK"
2026-01-04 02:17:09,369 [INFO] okx_trade_fetcher: Fetching trades for BTC-USDT after 1137665164 before None
2026-01-04 02:17:09,608 [INFO] httpx: HTTP Request: GET https://www.okx.com/api/v5/market/history-trades?instId=BTC-USDT&after=1137665164 "HTTP/2 200 OK"
2026-01-04 02:17:09,611 [INFO] file_storage.storage_router: Flushing 2000 BTC-USDT records for 2026-01-03
2026-01-04 02:17:09,611 [INFO] file_storage.storage_writers.local_storage_writer: Saving table to BTC-USDT/2026/1/3.parquet
2026-01-04 02:17:09,612 [INFO] file_storage.storage_router: Clearing buffer for 2026-01-03
2026-01-04 02:17:09,613 [INFO] okx_trade_fetcher: Fetching trades for BTC-USDT after 1137665064 before None
2026-01-04 02:17:09,861 [INFO] httpx: HTTP Request: GET https://www.okx.com/api/v5/market/history-trades?instId=BTC-USDT&after=1137665064 "HTTP/2 200 OK"
2026-01-04 02:17:09,862 [INFO] okx_trade_fetcher: Fetching trades for BTC-USDT after 1137664964 before None
2026-01-04 02:17:10,101 [INFO] httpx: HTTP Request: GET https://www.okx.com/api/v5/market/history-trades?instId=BTC-USDT&after=1137664964 "HTTP/2 200 OK"
2026-01-04 02:17:10,102 [INFO] okx_trade_fetcher: Fetching trades for BTC-USDT after 1137664864 before None
2026-01-04 02:17:10,333 [INFO] httpx: HTTP Request: GET https://www.okx.com/api/v5/market/history-trades?instId=BTC-USDT&after=1137664864 "HTTP/2 200 OK"
2026-01-04 02:17:10,333 [INFO] okx_trade_fetcher: Fetching trades for BTC-USDT after 1137664764 before None
2026-01-04 02:17:10,527 [INFO] httpx: HTTP Request: GET https://www.okx.com/api/v5/market/history-trades?instId=BTC-USDT&after=1137664764 "HTTP/2 200 OK"
2026-01-04 02:17:10,528 [INFO] okx_trade_fetcher: Fetching trades for BTC-USDT after 1137664664 before None
2026-01-04 02:17:10,778 [INFO] httpx: HTTP Request: GET https://www.okx.com/api/v5/market/history-trades?instId=BTC-USDT&after=1137664664 "HTTP/2 200 OK"
2026-01-04 02:17:10,779 [INFO] okx_trade_fetcher: Fetching trades for BTC-USDT after 1137664564 before None
2026-01-04 02:17:11,022 [INFO] httpx: HTTP Request: GET https://www.okx.com/api/v5/market/history-trades?instId=BTC-USDT&after=1137664564 "HTTP/2 200 OK"
2026-01-04 02:17:11,023 [INFO] okx_trade_fetcher: Fetching trades for BTC-USDT after 1137664464 before None
2026-01-04 02:17:11,271 [INFO] httpx: HTTP Request: GET https://www.okx.com/api/v5/market/history-trades?instId=BTC-USDT&after=1137664464 "HTTP/2 200 OK"
2026-01-04 02:17:11,272 [INFO] okx_trade_fetcher: Fetching trades for BTC-USDT after 1137664364 before None
2026-01-04 02:17:11,511 [INFO] httpx: HTTP Request: GET https://www.okx.com/api/v5/market/history-trades?instId=BTC-USDT&after=1137664364 "HTTP/2 200 OK"
2026-01-04 02:17:11,513 [INFO] okx_trade_fetcher: Fetching trades for BTC-USDT after 1137664264 before None
2026-01-04 02:17:11,753 [INFO] httpx: HTTP Request: GET https://www.okx.com/api/v5/market/history-trades?instId=BTC-USDT&after=1137664264 "HTTP/2 200 OK"
2026-01-04 02:17:11,754 [INFO] okx_trade_fetcher: Fetching trades for BTC-USDT after 1137664164 before None
2026-01-04 02:17:12,007 [INFO] httpx: HTTP Request: GET https://www.okx.com/api/v5/market/history-trades?instId=BTC-USDT&after=1137664164 "HTTP/2 200 OK"
2026-01-04 02:17:12,008 [INFO] okx_trade_fetcher: Fetching trades for BTC-USDT after 1137664064 before None
2026-01-04 02:17:12,248 [INFO] httpx: HTTP Request: GET https://www.okx.com/api/v5/market/history-trades?instId=BTC-USDT&after=1137664064 "HTTP/2 200 OK"
2026-01-04 02:17:12,249 [INFO] okx_trade_fetcher: Fetching trades for BTC-USDT after 1137663964 before None
2026-01-04 02:17:12,490 [INFO] httpx: HTTP Request: GET https://www.okx.com/api/v5/market/history-trades?instId=BTC-USDT&after=1137663964 "HTTP/2 200 OK"
2026-01-04 02:17:12,492 [INFO] okx_trade_fetcher: Fetching trades for BTC-USDT after 1137663864 before None
2026-01-04 02:17:12,686 [INFO] httpx: HTTP Request: GET https://www.okx.com/api/v5/market/history-trades?instId=BTC-USDT&after=1137663864 "HTTP/2 200 OK"
2026-01-04 02:17:12,687 [INFO] okx_trade_fetcher: Fetching trades for BTC-USDT after 1137663764 before None
2026-01-04 02:17:12,924 [INFO] httpx: HTTP Request: GET https://www.okx.com/api/v5/market/history-trades?instId=BTC-USDT&after=1137663764 "HTTP/2 200 OK"
2026-01-04 02:17:12,925 [INFO] okx_trade_fetcher: Fetching trades for BTC-USDT after 1137663664 before None
2026-01-04 02:17:13,122 [INFO] httpx: HTTP Request: GET https://www.okx.com/api/v5/market/history-trades?instId=BTC-USDT&after=1137663664 "HTTP/2 200 OK"
2026-01-04 02:17:13,123 [INFO] okx_trade_fetcher: Fetching trades for BTC-USDT after 1137663564 before None
2026-01-04 02:17:13,320 [INFO] httpx: HTTP Request: GET https://www.okx.com/api/v5/market/history-trades?instId=BTC-USDT&after=1137663564 "HTTP/2 200 OK"
2026-01-04 02:17:13,320 [INFO] okx_trade_fetcher: Fetching trades for BTC-USDT after 1137663464 before None
2026-01-04 02:17:13,561 [INFO] httpx: HTTP Request: GET https://www.okx.com/api/v5/market/history-trades?instId=BTC-USDT&after=1137663464 "HTTP/2 200 OK"
2026-01-04 02:17:13,562 [INFO] okx_trade_fetcher: Fetching trades for BTC-USDT after 1137663364 before None
2026-01-04 02:17:13,809 [INFO] httpx: HTTP Request: GET https://www.okx.com/api/v5/market/history-trades?instId=BTC-USDT&after=1137663364 "HTTP/2 200 OK"
2026-01-04 02:17:13,809 [INFO] okx_trade_fetcher: Fetching trades for BTC-USDT after 1137663264 before None
2026-01-04 02:17:14,155 [INFO] httpx: HTTP Request: GET https://www.okx.com/api/v5/market/history-trades?instId=BTC-USDT&after=1137663264 "HTTP/2 200 OK"
2026-01-04 02:17:14,156 [INFO] okx_trade_fetcher: Fetching trades for BTC-USDT after 1137663164 before None
2026-01-04 02:17:14,394 [INFO] httpx: HTTP Request: GET https://www.okx.com/api/v5/market/history-trades?instId=BTC-USDT&after=1137663164 "HTTP/2 200 OK"
2026-01-04 02:17:14,396 [INFO] file_storage.storage_router: Flushing 2000 BTC-USDT records for 2026-01-03
2026-01-04 02:17:14,396 [INFO] file_storage.storage_writers.local_storage_writer: Saving table to BTC-USDT/2026/1/3.parquet
2026-01-04 02:17:14,397 [INFO] file_storage.storage_router: Clearing buffer for 2026-01-03
2026-01-04 02:17:14,397 [INFO] okx_trade_fetcher: Fetching trades for BTC-USDT after 1137663064 before None
2026-01-04 02:17:14,592 [INFO] httpx: HTTP Request: GET https://www.okx.com/api/v5/market/history-trades?instId=BTC-USDT&after=1137663064 "HTTP/2 200 OK"
2026-01-04 02:17:14,593 [INFO] okx_trade_fetcher: Fetching trades for BTC-USDT after 1137662964 before None
2026-01-04 02:17:14,830 [INFO] httpx: HTTP Request: GET https://www.okx.com/api/v5/market/history-trades?instId=BTC-USDT&after=1137662964 "HTTP/2 200 OK"
2026-01-04 02:17:14,831 [INFO] okx_trade_fetcher: Fetching trades for BTC-USDT after 1137662864 before None
2026-01-04 02:17:15,025 [INFO] httpx: HTTP Request: GET https://www.okx.com/api/v5/market/history-trades?instId=BTC-USDT&after=1137662864 "HTTP/2 200 OK"
2026-01-04 02:17:15,026 [INFO] okx_trade_fetcher: Fetching trades for BTC-USDT after 1137662764 before None
2026-01-04 02:17:15,272 [INFO] httpx: HTTP Request: GET https://www.okx.com/api/v5/market/history-trades?instId=BTC-USDT&after=1137662764 "HTTP/2 200 OK"
2026-01-04 02:17:15,272 [INFO] okx_trade_fetcher: Fetching trades for BTC-USDT after 1137662664 before None
2026-01-04 02:17:15,520 [INFO] httpx: HTTP Request: GET https://www.okx.com/api/v5/market/history-trades?instId=BTC-USDT&after=1137662664 "HTTP/2 200 OK"
2026-01-04 02:17:15,521 [INFO] okx_trade_fetcher: Fetching trades for BTC-USDT after 1137662564 before None
2026-01-04 02:17:15,754 [INFO] httpx: HTTP Request: GET https://www.okx.com/api/v5/market/history-trades?instId=BTC-USDT&after=1137662564 "HTTP/2 200 OK"
2026-01-04 02:17:15,754 [INFO] okx_trade_fetcher: Fetching trades for BTC-USDT after 1137662464 before None
2026-01-04 02:17:16,000 [INFO] httpx: HTTP Request: GET https://www.okx.com/api/v5/market/history-trades?instId=BTC-USDT&after=1137662464 "HTTP/2 200 OK"
2026-01-04 02:17:16,001 [INFO] okx_trade_fetcher: Fetching trades for BTC-USDT after 1137662364 before None
2026-01-04 02:17:16,242 [INFO] httpx: HTTP Request: GET https://www.okx.com/api/v5/market/history-trades?instId=BTC-USDT&after=1137662364 "HTTP/2 200 OK"
2026-01-04 02:17:16,243 [INFO] okx_trade_fetcher: Fetching trades for BTC-USDT after 1137662264 before None
2026-01-04 02:17:16,481 [INFO] httpx: HTTP Request: GET https://www.okx.com/api/v5/market/history-trades?instId=BTC-USDT&after=1137662264 "HTTP/2 200 OK"
2026-01-04 02:17:16,481 [INFO] okx_trade_fetcher: Fetching trades for BTC-USDT after 1137662164 before None
2026-01-04 02:17:16,722 [INFO] httpx: HTTP Request: GET https://www.okx.com/api/v5/market/history-trades?instId=BTC-USDT&after=1137662164 "HTTP/2 200 OK"
2026-01-04 02:17:16,724 [INFO] okx_trade_fetcher: Fetching trades for BTC-USDT after 1137662064 before None
2026-01-04 02:17:16,965 [INFO] httpx: HTTP Request: GET https://www.okx.com/api/v5/market/history-trades?instId=BTC-USDT&after=1137662064 "HTTP/2 200 OK"
2026-01-04 02:17:16,966 [INFO] okx_trade_fetcher: Fetching trades for BTC-USDT after 1137661964 before None
2026-01-04 02:17:17,217 [INFO] httpx: HTTP Request: GET https://www.okx.com/api/v5/market/history-trades?instId=BTC-USDT&after=1137661964 "HTTP/2 200 OK"
2026-01-04 02:17:17,218 [INFO] okx_trade_fetcher: Fetching trades for BTC-USDT after 1137661864 before None
2026-01-04 02:17:17,463 [INFO] httpx: HTTP Request: GET https://www.okx.com/api/v5/market/history-trades?instId=BTC-USDT&after=1137661864 "HTTP/2 200 OK"
2026-01-04 02:17:17,464 [INFO] okx_trade_fetcher: Fetching trades for BTC-USDT after 1137661764 before None
2026-01-04 02:17:17,712 [INFO] httpx: HTTP Request: GET https://www.okx.com/api/v5/market/history-trades?instId=BTC-USDT&after=1137661764 "HTTP/2 200 OK"
2026-01-04 02:17:17,712 [INFO] okx_trade_fetcher: Fetching trades for BTC-USDT after 1137661664 before None
2026-01-04 02:17:17,905 [INFO] httpx: HTTP Request: GET https://www.okx.com/api/v5/market/history-trades?instId=BTC-USDT&after=1137661664 "HTTP/2 200 OK"
2026-01-04 02:17:17,906 [INFO] okx_trade_fetcher: Fetching trades for BTC-USDT after 1137661564 before None
2026-01-04 02:17:18,103 [INFO] httpx: HTTP Request: GET https://www.okx.com/api/v5/market/history-trades?instId=BTC-USDT&after=1137661564 "HTTP/2 200 OK"
2026-01-04 02:17:18,105 [INFO] okx_trade_fetcher: Fetching trades for BTC-USDT after 1137661464 before None
2026-01-04 02:17:18,338 [INFO] httpx: HTTP Request: GET https://www.okx.com/api/v5/market/history-trades?instId=BTC-USDT&after=1137661464 "HTTP/2 200 OK"
2026-01-04 02:17:18,340 [INFO] okx_trade_fetcher: Fetching trades for BTC-USDT after 1137661364 before None
2026-01-04 02:17:18,580 [INFO] httpx: HTTP Request: GET https://www.okx.com/api/v5/market/history-trades?instId=BTC-USDT&after=1137661364 "HTTP/2 200 OK"
2026-01-04 02:17:18,581 [INFO] okx_trade_fetcher: Fetching trades for BTC-USDT after 1137661264 before None
2026-01-04 02:17:18,780 [INFO] httpx: HTTP Request: GET https://www.okx.com/api/v5/market/history-trades?instId=BTC-USDT&after=1137661264 "HTTP/2 200 OK"
2026-01-04 02:17:18,781 [INFO] okx_trade_fetcher: Fetching trades for BTC-USDT after 1137661164 before None
2026-01-04 02:17:19,027 [INFO] httpx: HTTP Request: GET https://www.okx.com/api/v5/market/history-trades?instId=BTC-USDT&after=1137661164 "HTTP/2 200 OK"
2026-01-04 02:17:19,030 [INFO] file_storage.storage_router: Flushing 2000 BTC-USDT records for 2026-01-03
2026-01-04 02:17:19,030 [INFO] file_storage.storage_writers.local_storage_writer: Saving table to BTC-USDT/2026/1/3.parquet
2026-01-04 02:17:19,031 [INFO] file_storage.storage_router: Clearing buffer for 2026-01-03
2026-01-04 02:17:19,031 [INFO] okx_trade_fetcher: Fetching trades for BTC-USDT after 1137661064 before None
2026-01-04 02:17:19,267 [INFO] httpx: HTTP Request: GET https://www.okx.com/api/v5/market/history-trades?instId=BTC-USDT&after=1137661064 "HTTP/2 200 OK"
2026-01-04 02:17:19,268 [INFO] okx_trade_fetcher: Fetching trades for BTC-USDT after 1137660964 before None
2026-01-04 02:17:19,510 [INFO] httpx: HTTP Request: GET https://www.okx.com/api/v5/market/history-trades?instId=BTC-USDT&after=1137660964 "HTTP/2 200 OK"
2026-01-04 02:17:19,511 [INFO] okx_trade_fetcher: Fetching trades for BTC-USDT after 1137660864 before None
2026-01-04 02:17:19,751 [INFO] httpx: HTTP Request: GET https://www.okx.com/api/v5/market/history-trades?instId=BTC-USDT&after=1137660864 "HTTP/2 200 OK"
2026-01-04 02:17:19,752 [INFO] okx_trade_fetcher: Fetching trades for BTC-USDT after 1137660764 before None
2026-01-04 02:17:19,991 [INFO] httpx: HTTP Request: GET https://www.okx.com/api/v5/market/history-trades?instId=BTC-USDT&after=1137660764 "HTTP/2 200 OK"
2026-01-04 02:17:19,991 [INFO] okx_trade_fetcher: Fetching trades for BTC-USDT after 1137660664 before None
2026-01-04 02:17:20,188 [INFO] httpx: HTTP Request: GET https://www.okx.com/api/v5/market/history-trades?instId=BTC-USDT&after=1137660664 "HTTP/2 200 OK"
2026-01-04 02:17:20,190 [INFO] okx_trade_fetcher: Fetching trades for BTC-USDT after 1137660564 before None
2026-01-04 02:17:20,432 [INFO] httpx: HTTP Request: GET https://www.okx.com/api/v5/market/history-trades?instId=BTC-USDT&after=1137660564 "HTTP/2 200 OK"
2026-01-04 02:17:20,433 [INFO] okx_trade_fetcher: Fetching trades for BTC-USDT after 1137660464 before None
2026-01-04 02:17:20,681 [INFO] httpx: HTTP Request: GET https://www.okx.com/api/v5/market/history-trades?instId=BTC-USDT&after=1137660464 "HTTP/2 200 OK"
2026-01-04 02:17:20,682 [INFO] okx_trade_fetcher: Fetching trades for BTC-USDT after 1137660364 before None
2026-01-04 02:17:20,916 [INFO] httpx: HTTP Request: GET https://www.okx.com/api/v5/market/history-trades?instId=BTC-USDT&after=1137660364 "HTTP/2 200 OK"
2026-01-04 02:17:20,917 [INFO] okx_trade_fetcher: Fetching trades for BTC-USDT after 1137660264 before None
2026-01-04 02:17:21,157 [INFO] httpx: HTTP Request: GET https://www.okx.com/api/v5/market/history-trades?instId=BTC-USDT&after=1137660264 "HTTP/2 200 OK"
2026-01-04 02:17:21,158 [INFO] okx_trade_fetcher: Fetching trades for BTC-USDT after 1137660164 before None
2026-01-04 02:17:21,405 [INFO] httpx: HTTP Request: GET https://www.okx.com/api/v5/market/history-trades?instId=BTC-USDT&after=1137660164 "HTTP/2 200 OK"
2026-01-04 02:17:21,406 [INFO] okx_trade_fetcher: Fetching trades for BTC-USDT after 1137660064 before None
2026-01-04 02:17:21,640 [INFO] httpx: HTTP Request: GET https://www.okx.com/api/v5/market/history-trades?instId=BTC-USDT&after=1137660064 "HTTP/2 200 OK"
2026-01-04 02:17:21,641 [INFO] okx_trade_fetcher: Fetching trades for BTC-USDT after 1137659964 before None
2026-01-04 02:17:21,877 [INFO] httpx: HTTP Request: GET https://www.okx.com/api/v5/market/history-trades?instId=BTC-USDT&after=1137659964 "HTTP/2 200 OK"
2026-01-04 02:17:21,878 [INFO] okx_trade_fetcher: Fetching trades for BTC-USDT after 1137659864 before None
2026-01-04 02:17:22,125 [INFO] httpx: HTTP Request: GET https://www.okx.com/api/v5/market/history-trades?instId=BTC-USDT&after=1137659864 "HTTP/2 200 OK"
2026-01-04 02:17:22,126 [INFO] okx_trade_fetcher: Fetching trades for BTC-USDT after 1137659764 before None
2026-01-04 02:17:25,952 [INFO] httpx: HTTP Request: GET https://www.okx.com/api/v5/market/history-trades?instId=BTC-USDT&after=1137659764 "HTTP/2 200 OK"
2026-01-04 02:17:25,953 [INFO] okx_trade_fetcher: Fetching trades for BTC-USDT after 1137659664 before None
2026-01-04 02:17:26,194 [INFO] httpx: HTTP Request: GET https://www.okx.com/api/v5/market/history-trades?instId=BTC-USDT&after=1137659664 "HTTP/2 200 OK"
2026-01-04 02:17:26,195 [INFO] okx_trade_fetcher: Fetching trades for BTC-USDT after 1137659564 before None
2026-01-04 02:17:26,434 [INFO] httpx: HTTP Request: GET https://www.okx.com/api/v5/market/history-trades?instId=BTC-USDT&after=1137659564 "HTTP/2 200 OK"
2026-01-04 02:17:26,436 [INFO] okx_trade_fetcher: Fetching trades for BTC-USDT after 1137659464 before None
2026-01-04 02:17:26,681 [INFO] httpx: HTTP Request: GET https://www.okx.com/api/v5/market/history-trades?instId=BTC-USDT&after=1137659464 "HTTP/2 200 OK"
2026-01-04 02:17:26,682 [INFO] okx_trade_fetcher: Fetching trades for BTC-USDT after 1137659364 before None
2026-01-04 02:17:26,921 [INFO] httpx: HTTP Request: GET https://www.okx.com/api/v5/market/history-trades?instId=BTC-USDT&after=1137659364 "HTTP/2 200 OK"
2026-01-04 02:17:26,923 [INFO] okx_trade_fetcher: Fetching trades for BTC-USDT after 1137659264 before None
2026-01-04 02:17:27,172 [INFO] httpx: HTTP Request: GET https://www.okx.com/api/v5/market/history-trades?instId=BTC-USDT&after=1137659264 "HTTP/2 200 OK"
2026-01-04 02:17:27,173 [INFO] okx_trade_fetcher: Fetching trades for BTC-USDT after 1137659164 before None
2026-01-04 02:17:27,405 [INFO] httpx: HTTP Request: GET https://www.okx.com/api/v5/market/history-trades?instId=BTC-USDT&after=1137659164 "HTTP/2 200 OK"
2026-01-04 02:17:27,407 [INFO] file_storage.storage_router: Flushing 2000 BTC-USDT records for 2026-01-03
2026-01-04 02:17:27,407 [INFO] file_storage.storage_writers.local_storage_writer: Saving table to BTC-USDT/2026/1/3.parquet
2026-01-04 02:17:27,408 [INFO] file_storage.storage_router: Clearing buffer for 2026-01-03
2026-01-04 02:17:27,409 [INFO] okx_trade_fetcher: Fetching trades for BTC-USDT after 1137659064 before None
2026-01-04 02:17:27,645 [INFO] httpx: HTTP Request: GET https://www.okx.com/api/v5/market/history-trades?instId=BTC-USDT&after=1137659064 "HTTP/2 200 OK"
2026-01-04 02:17:27,645 [INFO] okx_trade_fetcher: Fetching trades for BTC-USDT after 1137658964 before None
2026-01-04 02:17:27,885 [INFO] httpx: HTTP Request: GET https://www.okx.com/api/v5/market/history-trades?instId=BTC-USDT&after=1137658964 "HTTP/2 200 OK"
2026-01-04 02:17:27,886 [INFO] okx_trade_fetcher: Fetching trades for BTC-USDT after 1137658864 before None
2026-01-04 02:17:28,125 [INFO] httpx: HTTP Request: GET https://www.okx.com/api/v5/market/history-trades?instId=BTC-USDT&after=1137658864 "HTTP/2 200 OK"
2026-01-04 02:17:28,126 [INFO] okx_trade_fetcher: Fetching trades for BTC-USDT after 1137658764 before None
2026-01-04 02:17:28,365 [INFO] httpx: HTTP Request: GET https://www.okx.com/api/v5/market/history-trades?instId=BTC-USDT&after=1137658764 "HTTP/2 200 OK"
2026-01-04 02:17:28,365 [INFO] okx_trade_fetcher: Fetching trades for BTC-USDT after 1137658664 before None
2026-01-04 02:17:28,701 [INFO] httpx: HTTP Request: GET https://www.okx.com/api/v5/market/history-trades?instId=BTC-USDT&after=1137658664 "HTTP/2 200 OK"
2026-01-04 02:17:28,702 [INFO] okx_trade_fetcher: Fetching trades for BTC-USDT after 1137658564 before None
2026-01-04 02:17:28,952 [INFO] httpx: HTTP Request: GET https://www.okx.com/api/v5/market/history-trades?instId=BTC-USDT&after=1137658564 "HTTP/2 200 OK"
2026-01-04 02:17:28,952 [INFO] okx_trade_fetcher: Fetching trades for BTC-USDT after 1137658464 before None
2026-01-04 02:17:29,173 [INFO] httpx: HTTP Request: GET https://www.okx.com/api/v5/market/history-trades?instId=BTC-USDT&after=1137658464 "HTTP/2 200 OK"
2026-01-04 02:17:29,175 [INFO] okx_trade_fetcher: Fetching trades for BTC-USDT after 1137658364 before None
2026-01-04 02:17:29,414 [INFO] httpx: HTTP Request: GET https://www.okx.com/api/v5/market/history-trades?instId=BTC-USDT&after=1137658364 "HTTP/2 200 OK"
2026-01-04 02:17:29,416 [INFO] okx_trade_fetcher: Fetching trades for BTC-USDT after 1137658264 before None
2026-01-04 02:17:29,662 [INFO] httpx: HTTP Request: GET https://www.okx.com/api/v5/market/history-trades?instId=BTC-USDT&after=1137658264 "HTTP/2 200 OK"
2026-01-04 02:17:29,663 [INFO] okx_trade_fetcher: Fetching trades for BTC-USDT after 1137658164 before None
2026-01-04 02:17:29,904 [INFO] httpx: HTTP Request: GET https://www.okx.com/api/v5/market/history-trades?instId=BTC-USDT&after=1137658164 "HTTP/2 200 OK"
2026-01-04 02:17:29,905 [INFO] okx_trade_fetcher: Fetching trades for BTC-USDT after 1137658064 before None
2026-01-04 02:17:30,159 [INFO] httpx: HTTP Request: GET https://www.okx.com/api/v5/market/history-trades?instId=BTC-USDT&after=1137658064 "HTTP/2 200 OK"
2026-01-04 02:17:30,160 [INFO] okx_trade_fetcher: Fetching trades for BTC-USDT after 1137657964 before None
2026-01-04 02:17:30,392 [INFO] httpx: HTTP Request: GET https://www.okx.com/api/v5/market/history-trades?instId=BTC-USDT&after=1137657964 "HTTP/2 200 OK"
2026-01-04 02:17:30,393 [INFO] okx_trade_fetcher: Fetching trades for BTC-USDT after 1137657864 before None
2026-01-04 02:17:30,590 [INFO] httpx: HTTP Request: GET https://www.okx.com/api/v5/market/history-trades?instId=BTC-USDT&after=1137657864 "HTTP/2 200 OK"
2026-01-04 02:17:30,591 [INFO] okx_trade_fetcher: Fetching trades for BTC-USDT after 1137657764 before None
2026-01-04 02:17:30,829 [INFO] httpx: HTTP Request: GET https://www.okx.com/api/v5/market/history-trades?instId=BTC-USDT&after=1137657764 "HTTP/2 200 OK"
2026-01-04 02:17:30,829 [INFO] okx_trade_fetcher: Fetching trades for BTC-USDT after 1137657664 before None
2026-01-04 02:17:31,070 [INFO] httpx: HTTP Request: GET https://www.okx.com/api/v5/market/history-trades?instId=BTC-USDT&after=1137657664 "HTTP/2 200 OK"
2026-01-04 02:17:31,072 [INFO] okx_trade_fetcher: Fetching trades for BTC-USDT after 1137657564 before None
2026-01-04 02:17:31,318 [INFO] httpx: HTTP Request: GET https://www.okx.com/api/v5/market/history-trades?instId=BTC-USDT&after=1137657564 "HTTP/2 200 OK"
2026-01-04 02:17:31,320 [INFO] okx_trade_fetcher: Fetching trades for BTC-USDT after 1137657464 before None
2026-01-04 02:17:31,559 [INFO] httpx: HTTP Request: GET https://www.okx.com/api/v5/market/history-trades?instId=BTC-USDT&after=1137657464 "HTTP/2 200 OK"
2026-01-04 02:17:31,560 [INFO] okx_trade_fetcher: Fetching trades for BTC-USDT after 1137657364 before None
2026-01-04 02:17:31,800 [INFO] httpx: HTTP Request: GET https://www.okx.com/api/v5/market/history-trades?instId=BTC-USDT&after=1137657364 "HTTP/2 200 OK"
2026-01-04 02:17:31,801 [INFO] okx_trade_fetcher: Fetching trades for BTC-USDT after 1137657264 before None
2026-01-04 02:17:32,050 [INFO] httpx: HTTP Request: GET https://www.okx.com/api/v5/market/history-trades?instId=BTC-USDT&after=1137657264 "HTTP/2 200 OK"
2026-01-04 02:17:32,052 [INFO] okx_trade_fetcher: Fetching trades for BTC-USDT after 1137657164 before None
2026-01-04 02:17:32,301 [INFO] httpx: HTTP Request: GET https://www.okx.com/api/v5/market/history-trades?instId=BTC-USDT&after=1137657164 "HTTP/2 200 OK"
2026-01-04 02:17:32,304 [INFO] file_storage.storage_router: Flushing 2000 BTC-USDT records for 2026-01-03
2026-01-04 02:17:32,304 [INFO] file_storage.storage_writers.local_storage_writer: Saving table to BTC-USDT/2026/1/3.parquet
2026-01-04 02:17:32,304 [INFO] file_storage.storage_router: Clearing buffer for 2026-01-03
2026-01-04 02:17:32,305 [INFO] okx_trade_fetcher: Fetching trades for BTC-USDT after 1137657064 before None
2026-01-04 02:17:32,538 [INFO] httpx: HTTP Request: GET https://www.okx.com/api/v5/market/history-trades?instId=BTC-USDT&after=1137657064 "HTTP/2 200 OK"
2026-01-04 02:17:32,540 [INFO] okx_trade_fetcher: Fetching trades for BTC-USDT after 1137656964 before None
2026-01-04 02:17:32,780 [INFO] httpx: HTTP Request: GET https://www.okx.com/api/v5/market/history-trades?instId=BTC-USDT&after=1137656964 "HTTP/2 200 OK"
2026-01-04 02:17:32,781 [INFO] okx_trade_fetcher: Fetching trades for BTC-USDT after 1137656864 before None
2026-01-04 02:17:33,012 [INFO] httpx: HTTP Request: GET https://www.okx.com/api/v5/market/history-trades?instId=BTC-USDT&after=1137656864 "HTTP/2 200 OK"
2026-01-04 02:17:33,014 [INFO] okx_trade_fetcher: Fetching trades for BTC-USDT after 1137656764 before None
2026-01-04 02:17:33,262 [INFO] httpx: HTTP Request: GET https://www.okx.com/api/v5/market/history-trades?instId=BTC-USDT&after=1137656764 "HTTP/2 200 OK"
2026-01-04 02:17:33,263 [INFO] okx_trade_fetcher: Fetching trades for BTC-USDT after 1137656664 before None
2026-01-04 02:17:33,501 [INFO] httpx: HTTP Request: GET https://www.okx.com/api/v5/market/history-trades?instId=BTC-USDT&after=1137656664 "HTTP/2 200 OK"
2026-01-04 02:17:33,501 [INFO] okx_trade_fetcher: Fetching trades for BTC-USDT after 1137656564 before None
2026-01-04 02:17:33,695 [INFO] httpx: HTTP Request: GET https://www.okx.com/api/v5/market/history-trades?instId=BTC-USDT&after=1137656564 "HTTP/2 200 OK"
2026-01-04 02:17:33,696 [INFO] okx_trade_fetcher: Fetching trades for BTC-USDT after 1137656464 before None
2026-01-04 02:17:33,935 [INFO] httpx: HTTP Request: GET https://www.okx.com/api/v5/market/history-trades?instId=BTC-USDT&after=1137656464 "HTTP/2 200 OK"
2026-01-04 02:17:33,936 [INFO] okx_trade_fetcher: Fetching trades for BTC-USDT after 1137656364 before None
2026-01-04 02:17:34,179 [INFO] httpx: HTTP Request: GET https://www.okx.com/api/v5/market/history-trades?instId=BTC-USDT&after=1137656364 "HTTP/2 200 OK"
2026-01-04 02:17:34,180 [INFO] okx_trade_fetcher: Fetching trades for BTC-USDT after 1137656264 before None
2026-01-04 02:17:34,878 [INFO] httpx: HTTP Request: GET https://www.okx.com/api/v5/market/history-trades?instId=BTC-USDT&after=1137656264 "HTTP/2 200 OK"
2026-01-04 02:17:34,878 [INFO] okx_trade_fetcher: Fetching trades for BTC-USDT after 1137656164 before None
2026-01-04 02:17:35,124 [INFO] httpx: HTTP Request: GET https://www.okx.com/api/v5/market/history-trades?instId=BTC-USDT&after=1137656164 "HTTP/2 200 OK"
2026-01-04 02:17:35,125 [INFO] okx_trade_fetcher: Fetching trades for BTC-USDT after 1137656064 before None
2026-01-04 02:17:35,366 [INFO] httpx: HTTP Request: GET https://www.okx.com/api/v5/market/history-trades?instId=BTC-USDT&after=1137656064 "HTTP/2 200 OK"
2026-01-04 02:17:35,368 [INFO] okx_trade_fetcher: Fetching trades for BTC-USDT after 1137655964 before None
2026-01-04 02:17:35,564 [INFO] httpx: HTTP Request: GET https://www.okx.com/api/v5/market/history-trades?instId=BTC-USDT&after=1137655964 "HTTP/2 200 OK"
2026-01-04 02:17:35,565 [INFO] okx_trade_fetcher: Fetching trades for BTC-USDT after 1137655864 before None
2026-01-04 02:17:35,805 [INFO] httpx: HTTP Request: GET https://www.okx.com/api/v5/market/history-trades?instId=BTC-USDT&after=1137655864 "HTTP/2 200 OK"
2026-01-04 02:17:35,806 [INFO] okx_trade_fetcher: Fetching trades for BTC-USDT after 1137655764 before None
2026-01-04 02:17:36,046 [INFO] httpx: HTTP Request: GET https://www.okx.com/api/v5/market/history-trades?instId=BTC-USDT&after=1137655764 "HTTP/2 200 OK"
2026-01-04 02:17:36,047 [INFO] okx_trade_fetcher: Fetching trades for BTC-USDT after 1137655664 before None
2026-01-04 02:17:36,245 [INFO] httpx: HTTP Request: GET https://www.okx.com/api/v5/market/history-trades?instId=BTC-USDT&after=1137655664 "HTTP/2 200 OK"
2026-01-04 02:17:36,246 [INFO] okx_trade_fetcher: Fetching trades for BTC-USDT after 1137655564 before None
2026-01-04 02:17:36,445 [INFO] httpx: HTTP Request: GET https://www.okx.com/api/v5/market/history-trades?instId=BTC-USDT&after=1137655564 "HTTP/2 200 OK"
2026-01-04 02:17:36,447 [INFO] okx_trade_fetcher: Fetching trades for BTC-USDT after 1137655464 before None
2026-01-04 02:17:36,693 [INFO] httpx: HTTP Request: GET https://www.okx.com/api/v5/market/history-trades?instId=BTC-USDT&after=1137655464 "HTTP/2 200 OK"
2026-01-04 02:17:36,694 [INFO] okx_trade_fetcher: Fetching trades for BTC-USDT after 1137655364 before None
2026-01-04 02:17:36,933 [INFO] httpx: HTTP Request: GET https://www.okx.com/api/v5/market/history-trades?instId=BTC-USDT&after=1137655364 "HTTP/2 200 OK"
2026-01-04 02:17:36,934 [INFO] okx_trade_fetcher: Fetching trades for BTC-USDT after 1137655264 before None
2026-01-04 02:17:37,175 [INFO] httpx: HTTP Request: GET https://www.okx.com/api/v5/market/history-trades?instId=BTC-USDT&after=1137655264 "HTTP/2 200 OK"
2026-01-04 02:17:37,176 [INFO] okx_trade_fetcher: Fetching trades for BTC-USDT after 1137655164 before None
2026-01-04 02:17:37,416 [INFO] httpx: HTTP Request: GET https://www.okx.com/api/v5/market/history-trades?instId=BTC-USDT&after=1137655164 "HTTP/2 200 OK"
2026-01-04 02:17:37,419 [INFO] file_storage.storage_router: Flushing 2000 BTC-USDT records for 2026-01-03
2026-01-04 02:17:37,419 [INFO] file_storage.storage_writers.local_storage_writer: Saving table to BTC-USDT/2026/1/3.parquet
2026-01-04 02:17:37,420 [INFO] file_storage.storage_router: Clearing buffer for 2026-01-03
2026-01-04 02:17:37,420 [INFO] okx_trade_fetcher: Fetching trades for BTC-USDT after 1137655064 before None
2026-01-04 02:17:37,661 [INFO] httpx: HTTP Request: GET https://www.okx.com/api/v5/market/history-trades?instId=BTC-USDT&after=1137655064 "HTTP/2 200 OK"
2026-01-04 02:17:37,662 [INFO] okx_trade_fetcher: Fetching trades for BTC-USDT after 1137654964 before None
2026-01-04 02:17:37,892 [INFO] httpx: HTTP Request: GET https://www.okx.com/api/v5/market/history-trades?instId=BTC-USDT&after=1137654964 "HTTP/2 200 OK"
2026-01-04 02:17:37,892 [INFO] okx_trade_fetcher: Fetching trades for BTC-USDT after 1137654864 before None
2026-01-04 02:17:38,131 [INFO] httpx: HTTP Request: GET https://www.okx.com/api/v5/market/history-trades?instId=BTC-USDT&after=1137654864 "HTTP/2 200 OK"
2026-01-04 02:17:38,133 [INFO] okx_trade_fetcher: Fetching trades for BTC-USDT after 1137654764 before None
2026-01-04 02:17:38,366 [INFO] httpx: HTTP Request: GET https://www.okx.com/api/v5/market/history-trades?instId=BTC-USDT&after=1137654764 "HTTP/2 200 OK"
2026-01-04 02:17:38,367 [INFO] okx_trade_fetcher: Fetching trades for BTC-USDT after 1137654664 before None
2026-01-04 02:17:38,581 [INFO] httpx: HTTP Request: GET https://www.okx.com/api/v5/market/history-trades?instId=BTC-USDT&after=1137654664 "HTTP/2 200 OK"
2026-01-04 02:17:38,582 [INFO] okx_trade_fetcher: Fetching trades for BTC-USDT after 1137654564 before None
2026-01-04 02:17:38,814 [INFO] httpx: HTTP Request: GET https://www.okx.com/api/v5/market/history-trades?instId=BTC-USDT&after=1137654564 "HTTP/2 200 OK"
2026-01-04 02:17:38,814 [INFO] okx_trade_fetcher: Fetching trades for BTC-USDT after 1137654464 before None
2026-01-04 02:17:39,063 [INFO] httpx: HTTP Request: GET https://www.okx.com/api/v5/market/history-trades?instId=BTC-USDT&after=1137654464 "HTTP/2 200 OK"
2026-01-04 02:17:39,065 [INFO] okx_trade_fetcher: Fetching trades for BTC-USDT after 1137654364 before None
2026-01-04 02:17:39,311 [INFO] httpx: HTTP Request: GET https://www.okx.com/api/v5/market/history-trades?instId=BTC-USDT&after=1137654364 "HTTP/2 200 OK"
2026-01-04 02:17:39,313 [INFO] okx_trade_fetcher: Fetching trades for BTC-USDT after 1137654264 before None
2026-01-04 02:17:39,511 [INFO] httpx: HTTP Request: GET https://www.okx.com/api/v5/market/history-trades?instId=BTC-USDT&after=1137654264 "HTTP/2 200 OK"
2026-01-04 02:17:39,511 [INFO] okx_trade_fetcher: Fetching trades for BTC-USDT after 1137654164 before None
2026-01-04 02:17:39,745 [INFO] httpx: HTTP Request: GET https://www.okx.com/api/v5/market/history-trades?instId=BTC-USDT&after=1137654164 "HTTP/2 200 OK"
2026-01-04 02:17:39,746 [INFO] okx_trade_fetcher: Fetching trades for BTC-USDT after 1137654064 before None
2026-01-04 02:17:39,987 [INFO] httpx: HTTP Request: GET https://www.okx.com/api/v5/market/history-trades?instId=BTC-USDT&after=1137654064 "HTTP/2 200 OK"
2026-01-04 02:17:39,988 [INFO] okx_trade_fetcher: Fetching trades for BTC-USDT after 1137653964 before None
2026-01-04 02:17:40,229 [INFO] httpx: HTTP Request: GET https://www.okx.com/api/v5/market/history-trades?instId=BTC-USDT&after=1137653964 "HTTP/2 200 OK"
2026-01-04 02:17:40,230 [INFO] okx_trade_fetcher: Fetching trades for BTC-USDT after 1137653864 before None
2026-01-04 02:17:40,470 [INFO] httpx: HTTP Request: GET https://www.okx.com/api/v5/market/history-trades?instId=BTC-USDT&after=1137653864 "HTTP/2 200 OK"
2026-01-04 02:17:40,471 [INFO] okx_trade_fetcher: Fetching trades for BTC-USDT after 1137653764 before None
2026-01-04 02:17:40,710 [INFO] httpx: HTTP Request: GET https://www.okx.com/api/v5/market/history-trades?instId=BTC-USDT&after=1137653764 "HTTP/2 200 OK"
2026-01-04 02:17:40,711 [INFO] okx_trade_fetcher: Fetching trades for BTC-USDT after 1137653664 before None
2026-01-04 02:17:40,953 [INFO] httpx: HTTP Request: GET https://www.okx.com/api/v5/market/history-trades?instId=BTC-USDT&after=1137653664 "HTTP/2 200 OK"
2026-01-04 02:17:40,955 [INFO] okx_trade_fetcher: Fetching trades for BTC-USDT after 1137653564 before None
2026-01-04 02:17:41,200 [INFO] httpx: HTTP Request: GET https://www.okx.com/api/v5/market/history-trades?instId=BTC-USDT&after=1137653564 "HTTP/2 200 OK"
2026-01-04 02:17:41,201 [INFO] okx_trade_fetcher: Fetching trades for BTC-USDT after 1137653464 before None
2026-01-04 02:17:41,443 [INFO] httpx: HTTP Request: GET https://www.okx.com/api/v5/market/history-trades?instId=BTC-USDT&after=1137653464 "HTTP/2 200 OK"
2026-01-04 02:17:41,445 [INFO] okx_trade_fetcher: Fetching trades for BTC-USDT after 1137653364 before None
2026-01-04 02:17:41,685 [INFO] httpx: HTTP Request: GET https://www.okx.com/api/v5/market/history-trades?instId=BTC-USDT&after=1137653364 "HTTP/2 200 OK"
2026-01-04 02:17:41,687 [INFO] okx_trade_fetcher: Fetching trades for BTC-USDT after 1137653264 before None
2026-01-04 02:17:41,884 [INFO] httpx: HTTP Request: GET https://www.okx.com/api/v5/market/history-trades?instId=BTC-USDT&after=1137653264 "HTTP/2 200 OK"
2026-01-04 02:17:41,885 [INFO] okx_trade_fetcher: Fetching trades for BTC-USDT after 1137653164 before None
2026-01-04 02:17:42,086 [INFO] httpx: HTTP Request: GET https://www.okx.com/api/v5/market/history-trades?instId=BTC-USDT&after=1137653164 "HTTP/2 200 OK"
2026-01-04 02:17:42,087 [INFO] file_storage.storage_router: Flushing 2000 BTC-USDT records for 2026-01-03
2026-01-04 02:17:42,088 [INFO] file_storage.storage_writers.local_storage_writer: Saving table to BTC-USDT/2026/1/3.parquet
2026-01-04 02:17:42,088 [INFO] file_storage.storage_router: Clearing buffer for 2026-01-03
2026-01-04 02:17:42,088 [INFO] okx_trade_fetcher: Fetching trades for BTC-USDT after 1137653064 before None
2026-01-04 02:17:42,327 [INFO] httpx: HTTP Request: GET https://www.okx.com/api/v5/market/history-trades?instId=BTC-USDT&after=1137653064 "HTTP/2 200 OK"
2026-01-04 02:17:42,328 [INFO] okx_trade_fetcher: Fetching trades for BTC-USDT after 1137652964 before None
2026-01-04 02:17:42,527 [INFO] httpx: HTTP Request: GET https://www.okx.com/api/v5/market/history-trades?instId=BTC-USDT&after=1137652964 "HTTP/2 200 OK"
2026-01-04 02:17:42,528 [INFO] okx_trade_fetcher: Fetching trades for BTC-USDT after 1137652864 before None
2026-01-04 02:17:42,767 [INFO] httpx: HTTP Request: GET https://www.okx.com/api/v5/market/history-trades?instId=BTC-USDT&after=1137652864 "HTTP/2 200 OK"
2026-01-04 02:17:42,768 [INFO] okx_trade_fetcher: Fetching trades for BTC-USDT after 1137652764 before None
2026-01-04 02:17:43,007 [INFO] httpx: HTTP Request: GET https://www.okx.com/api/v5/market/history-trades?instId=BTC-USDT&after=1137652764 "HTTP/2 200 OK"
2026-01-04 02:17:43,008 [INFO] okx_trade_fetcher: Fetching trades for BTC-USDT after 1137652664 before None
2026-01-04 02:17:43,255 [INFO] httpx: HTTP Request: GET https://www.okx.com/api/v5/market/history-trades?instId=BTC-USDT&after=1137652664 "HTTP/2 200 OK"
2026-01-04 02:17:43,256 [INFO] okx_trade_fetcher: Fetching trades for BTC-USDT after 1137652564 before None
2026-01-04 02:17:43,499 [INFO] httpx: HTTP Request: GET https://www.okx.com/api/v5/market/history-trades?instId=BTC-USDT&after=1137652564 "HTTP/2 200 OK"
2026-01-04 02:17:43,500 [INFO] okx_trade_fetcher: Fetching trades for BTC-USDT after 1137652464 before None
2026-01-04 02:17:43,744 [INFO] httpx: HTTP Request: GET https://www.okx.com/api/v5/market/history-trades?instId=BTC-USDT&after=1137652464 "HTTP/2 200 OK"
2026-01-04 02:17:43,746 [INFO] okx_trade_fetcher: Fetching trades for BTC-USDT after 1137652364 before None
2026-01-04 02:17:43,976 [INFO] httpx: HTTP Request: GET https://www.okx.com/api/v5/market/history-trades?instId=BTC-USDT&after=1137652364 "HTTP/2 200 OK"
2026-01-04 02:17:43,977 [INFO] okx_trade_fetcher: Fetching trades for BTC-USDT after 1137652264 before None
2026-01-04 02:17:44,216 [INFO] httpx: HTTP Request: GET https://www.okx.com/api/v5/market/history-trades?instId=BTC-USDT&after=1137652264 "HTTP/2 200 OK"
2026-01-04 02:17:44,218 [INFO] okx_trade_fetcher: Fetching trades for BTC-USDT after 1137652164 before None
2026-01-04 02:17:44,450 [INFO] httpx: HTTP Request: GET https://www.okx.com/api/v5/market/history-trades?instId=BTC-USDT&after=1137652164 "HTTP/2 200 OK"
2026-01-04 02:17:44,451 [INFO] okx_trade_fetcher: Fetching trades for BTC-USDT after 1137652064 before None
2026-01-04 02:17:44,700 [INFO] httpx: HTTP Request: GET https://www.okx.com/api/v5/market/history-trades?instId=BTC-USDT&after=1137652064 "HTTP/2 200 OK"
2026-01-04 02:17:44,701 [INFO] okx_trade_fetcher: Fetching trades for BTC-USDT after 1137651964 before None
2026-01-04 02:17:44,896 [INFO] httpx: HTTP Request: GET https://www.okx.com/api/v5/market/history-trades?instId=BTC-USDT&after=1137651964 "HTTP/2 200 OK"
2026-01-04 02:17:44,897 [INFO] okx_trade_fetcher: Fetching trades for BTC-USDT after 1137651864 before None
2026-01-04 02:17:45,134 [INFO] httpx: HTTP Request: GET https://www.okx.com/api/v5/market/history-trades?instId=BTC-USDT&after=1137651864 "HTTP/2 200 OK"
2026-01-04 02:17:45,135 [INFO] okx_trade_fetcher: Fetching trades for BTC-USDT after 1137651764 before None
2026-01-04 02:17:45,377 [INFO] httpx: HTTP Request: GET https://www.okx.com/api/v5/market/history-trades?instId=BTC-USDT&after=1137651764 "HTTP/2 200 OK"
2026-01-04 02:17:45,378 [INFO] okx_trade_fetcher: Fetching trades for BTC-USDT after 1137651664 before None
2026-01-04 02:17:45,617 [INFO] httpx: HTTP Request: GET https://www.okx.com/api/v5/market/history-trades?instId=BTC-USDT&after=1137651664 "HTTP/2 200 OK"
2026-01-04 02:17:45,620 [INFO] okx_trade_fetcher: Fetching trades for BTC-USDT after 1137651564 before None
2026-01-04 02:17:45,861 [INFO] httpx: HTTP Request: GET https://www.okx.com/api/v5/market/history-trades?instId=BTC-USDT&after=1137651564 "HTTP/2 200 OK"
2026-01-04 02:17:45,862 [INFO] okx_trade_fetcher: Fetching trades for BTC-USDT after 1137651464 before None
2026-01-04 02:17:46,103 [INFO] httpx: HTTP Request: GET https://www.okx.com/api/v5/market/history-trades?instId=BTC-USDT&after=1137651464 "HTTP/2 200 OK"
2026-01-04 02:17:46,104 [INFO] okx_trade_fetcher: Fetching trades for BTC-USDT after 1137651364 before None
2026-01-04 02:17:46,350 [INFO] httpx: HTTP Request: GET https://www.okx.com/api/v5/market/history-trades?instId=BTC-USDT&after=1137651364 "HTTP/2 200 OK"
2026-01-04 02:17:46,351 [INFO] okx_trade_fetcher: Fetching trades for BTC-USDT after 1137651264 before None
2026-01-04 02:17:46,547 [INFO] httpx: HTTP Request: GET https://www.okx.com/api/v5/market/history-trades?instId=BTC-USDT&after=1137651264 "HTTP/2 200 OK"
2026-01-04 02:17:46,548 [INFO] okx_trade_fetcher: Fetching trades for BTC-USDT after 1137651164 before None
2026-01-04 02:17:46,745 [INFO] httpx: HTTP Request: GET https://www.okx.com/api/v5/market/history-trades?instId=BTC-USDT&after=1137651164 "HTTP/2 200 OK"
2026-01-04 02:17:46,748 [INFO] file_storage.storage_router: Flushing 2000 BTC-USDT records for 2026-01-03
2026-01-04 02:17:46,749 [INFO] file_storage.storage_writers.local_storage_writer: Saving table to BTC-USDT/2026/1/3.parquet
2026-01-04 02:17:46,749 [INFO] file_storage.storage_router: Clearing buffer for 2026-01-03
2026-01-04 02:17:46,750 [INFO] okx_trade_fetcher: Fetching trades for BTC-USDT after 1137651064 before None
2026-01-04 02:17:46,992 [INFO] httpx: HTTP Request: GET https://www.okx.com/api/v5/market/history-trades?instId=BTC-USDT&after=1137651064 "HTTP/2 200 OK"
2026-01-04 02:17:46,993 [INFO] okx_trade_fetcher: Fetching trades for BTC-USDT after 1137650964 before None
2026-01-04 02:17:47,249 [INFO] httpx: HTTP Request: GET https://www.okx.com/api/v5/market/history-trades?instId=BTC-USDT&after=1137650964 "HTTP/2 200 OK"
2026-01-04 02:17:47,250 [INFO] okx_trade_fetcher: Fetching trades for BTC-USDT after 1137650864 before None
2026-01-04 02:17:47,446 [INFO] httpx: HTTP Request: GET https://www.okx.com/api/v5/market/history-trades?instId=BTC-USDT&after=1137650864 "HTTP/2 200 OK"
2026-01-04 02:17:47,448 [INFO] okx_trade_fetcher: Fetching trades for BTC-USDT after 1137650764 before None
2026-01-04 02:17:47,681 [INFO] httpx: HTTP Request: GET https://www.okx.com/api/v5/market/history-trades?instId=BTC-USDT&after=1137650764 "HTTP/2 200 OK"
2026-01-04 02:17:47,682 [INFO] okx_trade_fetcher: Fetching trades for BTC-USDT after 1137650664 before None
2026-01-04 02:17:47,925 [INFO] httpx: HTTP Request: GET https://www.okx.com/api/v5/market/history-trades?instId=BTC-USDT&after=1137650664 "HTTP/2 200 OK"
2026-01-04 02:17:47,927 [INFO] okx_trade_fetcher: Fetching trades for BTC-USDT after 1137650564 before None
2026-01-04 02:17:48,188 [INFO] httpx: HTTP Request: GET https://www.okx.com/api/v5/market/history-trades?instId=BTC-USDT&after=1137650564 "HTTP/2 200 OK"
2026-01-04 02:17:48,190 [INFO] okx_trade_fetcher: Fetching trades for BTC-USDT after 1137650464 before None
2026-01-04 02:17:48,430 [INFO] httpx: HTTP Request: GET https://www.okx.com/api/v5/market/history-trades?instId=BTC-USDT&after=1137650464 "HTTP/2 200 OK"
2026-01-04 02:17:48,432 [INFO] okx_trade_fetcher: Fetching trades for BTC-USDT after 1137650364 before None
2026-01-04 02:17:48,630 [INFO] httpx: HTTP Request: GET https://www.okx.com/api/v5/market/history-trades?instId=BTC-USDT&after=1137650364 "HTTP/2 200 OK"
2026-01-04 02:17:48,630 [INFO] okx_trade_fetcher: Fetching trades for BTC-USDT after 1137650264 before None
2026-01-04 02:17:48,875 [INFO] httpx: HTTP Request: GET https://www.okx.com/api/v5/market/history-trades?instId=BTC-USDT&after=1137650264 "HTTP/2 200 OK"
2026-01-04 02:17:48,876 [INFO] okx_trade_fetcher: Fetching trades for BTC-USDT after 1137650164 before None
2026-01-04 02:17:49,109 [INFO] httpx: HTTP Request: GET https://www.okx.com/api/v5/market/history-trades?instId=BTC-USDT&after=1137650164 "HTTP/2 200 OK"
2026-01-04 02:17:49,110 [INFO] okx_trade_fetcher: Fetching trades for BTC-USDT after 1137650064 before None
2026-01-04 02:17:49,350 [INFO] httpx: HTTP Request: GET https://www.okx.com/api/v5/market/history-trades?instId=BTC-USDT&after=1137650064 "HTTP/2 200 OK"
2026-01-04 02:17:49,351 [INFO] okx_trade_fetcher: Fetching trades for BTC-USDT after 1137649964 before None
2026-01-04 02:17:49,591 [INFO] httpx: HTTP Request: GET https://www.okx.com/api/v5/market/history-trades?instId=BTC-USDT&after=1137649964 "HTTP/2 200 OK"
2026-01-04 02:17:49,592 [INFO] okx_trade_fetcher: Fetching trades for BTC-USDT after 1137649864 before None
2026-01-04 02:17:49,787 [INFO] httpx: HTTP Request: GET https://www.okx.com/api/v5/market/history-trades?instId=BTC-USDT&after=1137649864 "HTTP/2 200 OK"
2026-01-04 02:17:49,788 [INFO] okx_trade_fetcher: Fetching trades for BTC-USDT after 1137649764 before None
2026-01-04 02:17:50,037 [INFO] httpx: HTTP Request: GET https://www.okx.com/api/v5/market/history-trades?instId=BTC-USDT&after=1137649764 "HTTP/2 200 OK"
2026-01-04 02:17:50,038 [INFO] okx_trade_fetcher: Fetching trades for BTC-USDT after 1137649664 before None
2026-01-04 02:17:50,277 [INFO] httpx: HTTP Request: GET https://www.okx.com/api/v5/market/history-trades?instId=BTC-USDT&after=1137649664 "HTTP/2 200 OK"
2026-01-04 02:17:50,280 [INFO] okx_trade_fetcher: Fetching trades for BTC-USDT after 1137649564 before None
2026-01-04 02:17:50,512 [INFO] httpx: HTTP Request: GET https://www.okx.com/api/v5/market/history-trades?instId=BTC-USDT&after=1137649564 "HTTP/2 200 OK"
2026-01-04 02:17:50,513 [INFO] okx_trade_fetcher: Fetching trades for BTC-USDT after 1137649464 before None
2026-01-04 02:17:50,711 [INFO] httpx: HTTP Request: GET https://www.okx.com/api/v5/market/history-trades?instId=BTC-USDT&after=1137649464 "HTTP/2 200 OK"
2026-01-04 02:17:50,712 [INFO] okx_trade_fetcher: Fetching trades for BTC-USDT after 1137649364 before None
2026-01-04 02:17:50,907 [INFO] httpx: HTTP Request: GET https://www.okx.com/api/v5/market/history-trades?instId=BTC-USDT&after=1137649364 "HTTP/2 200 OK"
2026-01-04 02:17:50,908 [INFO] okx_trade_fetcher: Fetching trades for BTC-USDT after 1137649264 before None
2026-01-04 02:17:51,150 [INFO] httpx: HTTP Request: GET https://www.okx.com/api/v5/market/history-trades?instId=BTC-USDT&after=1137649264 "HTTP/2 200 OK"
2026-01-04 02:17:51,152 [INFO] okx_trade_fetcher: Fetching trades for BTC-USDT after 1137649164 before None
2026-01-04 02:17:51,345 [INFO] httpx: HTTP Request: GET https://www.okx.com/api/v5/market/history-trades?instId=BTC-USDT&after=1137649164 "HTTP/2 200 OK"
2026-01-04 02:17:51,347 [INFO] file_storage.storage_router: Flushing 2000 BTC-USDT records for 2026-01-03
2026-01-04 02:17:51,347 [INFO] file_storage.storage_writers.local_storage_writer: Saving table to BTC-USDT/2026/1/3.parquet
2026-01-04 02:17:51,348 [INFO] file_storage.storage_router: Clearing buffer for 2026-01-03
2026-01-04 02:17:51,349 [INFO] okx_trade_fetcher: Fetching trades for BTC-USDT after 1137649064 before None
2026-01-04 02:17:51,580 [INFO] httpx: HTTP Request: GET https://www.okx.com/api/v5/market/history-trades?instId=BTC-USDT&after=1137649064 "HTTP/2 200 OK"
2026-01-04 02:17:51,581 [INFO] okx_trade_fetcher: Fetching trades for BTC-USDT after 1137648964 before None
2026-01-04 02:17:51,821 [INFO] httpx: HTTP Request: GET https://www.okx.com/api/v5/market/history-trades?instId=BTC-USDT&after=1137648964 "HTTP/2 200 OK"
2026-01-04 02:17:51,822 [INFO] okx_trade_fetcher: Fetching trades for BTC-USDT after 1137648864 before None
2026-01-04 02:17:52,022 [INFO] httpx: HTTP Request: GET https://www.okx.com/api/v5/market/history-trades?instId=BTC-USDT&after=1137648864 "HTTP/2 200 OK"
2026-01-04 02:17:52,023 [INFO] okx_trade_fetcher: Fetching trades for BTC-USDT after 1137648764 before None
2026-01-04 02:17:52,263 [INFO] httpx: HTTP Request: GET https://www.okx.com/api/v5/market/history-trades?instId=BTC-USDT&after=1137648764 "HTTP/2 200 OK"
2026-01-04 02:17:52,263 [INFO] okx_trade_fetcher: Fetching trades for BTC-USDT after 1137648664 before None
2026-01-04 02:17:52,502 [INFO] httpx: HTTP Request: GET https://www.okx.com/api/v5/market/history-trades?instId=BTC-USDT&after=1137648664 "HTTP/2 200 OK"
2026-01-04 02:17:52,503 [INFO] okx_trade_fetcher: Fetching trades for BTC-USDT after 1137648564 before None
2026-01-04 02:17:52,703 [INFO] httpx: HTTP Request: GET https://www.okx.com/api/v5/market/history-trades?instId=BTC-USDT&after=1137648564 "HTTP/2 200 OK"
2026-01-04 02:17:52,704 [INFO] okx_trade_fetcher: Fetching trades for BTC-USDT after 1137648464 before None
2026-01-04 02:17:52,944 [INFO] httpx: HTTP Request: GET https://www.okx.com/api/v5/market/history-trades?instId=BTC-USDT&after=1137648464 "HTTP/2 200 OK"
2026-01-04 02:17:52,944 [INFO] okx_trade_fetcher: Fetching trades for BTC-USDT after 1137648364 before None
2026-01-04 02:17:53,194 [INFO] httpx: HTTP Request: GET https://www.okx.com/api/v5/market/history-trades?instId=BTC-USDT&after=1137648364 "HTTP/2 200 OK"
2026-01-04 02:17:53,195 [INFO] okx_trade_fetcher: Fetching trades for BTC-USDT after 1137648264 before None
2026-01-04 02:17:53,442 [INFO] httpx: HTTP Request: GET https://www.okx.com/api/v5/market/history-trades?instId=BTC-USDT&after=1137648264 "HTTP/2 200 OK"
2026-01-04 02:17:53,443 [INFO] okx_trade_fetcher: Fetching trades for BTC-USDT after 1137648164 before None
2026-01-04 02:17:53,686 [INFO] httpx: HTTP Request: GET https://www.okx.com/api/v5/market/history-trades?instId=BTC-USDT&after=1137648164 "HTTP/2 200 OK"
2026-01-04 02:17:53,687 [INFO] okx_trade_fetcher: Fetching trades for BTC-USDT after 1137648064 before None
2026-01-04 02:17:53,932 [INFO] httpx: HTTP Request: GET https://www.okx.com/api/v5/market/history-trades?instId=BTC-USDT&after=1137648064 "HTTP/2 200 OK"
2026-01-04 02:17:53,933 [INFO] okx_trade_fetcher: Fetching trades for BTC-USDT after 1137647964 before None
2026-01-04 02:17:54,166 [INFO] httpx: HTTP Request: GET https://www.okx.com/api/v5/market/history-trades?instId=BTC-USDT&after=1137647964 "HTTP/2 200 OK"
2026-01-04 02:17:54,168 [INFO] okx_trade_fetcher: Fetching trades for BTC-USDT after 1137647864 before None
2026-01-04 02:17:54,411 [INFO] httpx: HTTP Request: GET https://www.okx.com/api/v5/market/history-trades?instId=BTC-USDT&after=1137647864 "HTTP/2 200 OK"
2026-01-04 02:17:54,412 [INFO] okx_trade_fetcher: Fetching trades for BTC-USDT after 1137647764 before None
2026-01-04 02:17:54,644 [INFO] httpx: HTTP Request: GET https://www.okx.com/api/v5/market/history-trades?instId=BTC-USDT&after=1137647764 "HTTP/2 200 OK"
2026-01-04 02:17:54,645 [INFO] okx_trade_fetcher: Fetching trades for BTC-USDT after 1137647664 before None
2026-01-04 02:17:54,879 [INFO] httpx: HTTP Request: GET https://www.okx.com/api/v5/market/history-trades?instId=BTC-USDT&after=1137647664 "HTTP/2 200 OK"
2026-01-04 02:17:54,880 [INFO] okx_trade_fetcher: Fetching trades for BTC-USDT after 1137647564 before None
2026-01-04 02:17:55,077 [INFO] httpx: HTTP Request: GET https://www.okx.com/api/v5/market/history-trades?instId=BTC-USDT&after=1137647564 "HTTP/2 200 OK"
2026-01-04 02:17:55,079 [INFO] okx_trade_fetcher: Fetching trades for BTC-USDT after 1137647464 before None
2026-01-04 02:17:55,320 [INFO] httpx: HTTP Request: GET https://www.okx.com/api/v5/market/history-trades?instId=BTC-USDT&after=1137647464 "HTTP/2 200 OK"
2026-01-04 02:17:55,321 [INFO] okx_trade_fetcher: Fetching trades for BTC-USDT after 1137647364 before None
2026-01-04 02:17:55,566 [INFO] httpx: HTTP Request: GET https://www.okx.com/api/v5/market/history-trades?instId=BTC-USDT&after=1137647364 "HTTP/2 200 OK"
2026-01-04 02:17:55,567 [INFO] okx_trade_fetcher: Fetching trades for BTC-USDT after 1137647264 before None
2026-01-04 02:17:55,766 [INFO] httpx: HTTP Request: GET https://www.okx.com/api/v5/market/history-trades?instId=BTC-USDT&after=1137647264 "HTTP/2 200 OK"
2026-01-04 02:17:55,768 [INFO] okx_trade_fetcher: Fetching trades for BTC-USDT after 1137647164 before None
2026-01-04 02:17:56,009 [INFO] httpx: HTTP Request: GET https://www.okx.com/api/v5/market/history-trades?instId=BTC-USDT&after=1137647164 "HTTP/2 200 OK"
2026-01-04 02:17:56,012 [INFO] file_storage.storage_router: Flushing 2000 BTC-USDT records for 2026-01-03
2026-01-04 02:17:56,012 [INFO] file_storage.storage_writers.local_storage_writer: Saving table to BTC-USDT/2026/1/3.parquet
2026-01-04 02:17:56,013 [INFO] file_storage.storage_router: Clearing buffer for 2026-01-03
2026-01-04 02:17:56,013 [INFO] okx_trade_fetcher: Fetching trades for BTC-USDT after 1137647064 before None
2026-01-04 02:17:56,242 [INFO] httpx: HTTP Request: GET https://www.okx.com/api/v5/market/history-trades?instId=BTC-USDT&after=1137647064 "HTTP/2 200 OK"
2026-01-04 02:17:56,243 [INFO] okx_trade_fetcher: Fetching trades for BTC-USDT after 1137646964 before None
2026-01-04 02:17:56,475 [INFO] httpx: HTTP Request: GET https://www.okx.com/api/v5/market/history-trades?instId=BTC-USDT&after=1137646964 "HTTP/2 200 OK"
2026-01-04 02:17:56,476 [INFO] okx_trade_fetcher: Fetching trades for BTC-USDT after 1137646864 before None
2026-01-04 02:17:56,719 [INFO] httpx: HTTP Request: GET https://www.okx.com/api/v5/market/history-trades?instId=BTC-USDT&after=1137646864 "HTTP/2 200 OK"
2026-01-04 02:17:56,720 [INFO] okx_trade_fetcher: Fetching trades for BTC-USDT after 1137646764 before None
2026-01-04 02:17:56,959 [INFO] httpx: HTTP Request: GET https://www.okx.com/api/v5/market/history-trades?instId=BTC-USDT&after=1137646764 "HTTP/2 200 OK"
2026-01-04 02:17:56,960 [INFO] okx_trade_fetcher: Fetching trades for BTC-USDT after 1137646664 before None
2026-01-04 02:17:57,199 [INFO] httpx: HTTP Request: GET https://www.okx.com/api/v5/market/history-trades?instId=BTC-USDT&after=1137646664 "HTTP/2 200 OK"
2026-01-04 02:17:57,201 [INFO] okx_trade_fetcher: Fetching trades for BTC-USDT after 1137646564 before None
2026-01-04 02:17:57,440 [INFO] httpx: HTTP Request: GET https://www.okx.com/api/v5/market/history-trades?instId=BTC-USDT&after=1137646564 "HTTP/2 200 OK"
2026-01-04 02:17:57,441 [INFO] okx_trade_fetcher: Fetching trades for BTC-USDT after 1137646464 before None
2026-01-04 02:17:57,680 [INFO] httpx: HTTP Request: GET https://www.okx.com/api/v5/market/history-trades?instId=BTC-USDT&after=1137646464 "HTTP/2 200 OK"
2026-01-04 02:17:57,680 [INFO] okx_trade_fetcher: Fetching trades for BTC-USDT after 1137646364 before None
2026-01-04 02:17:57,877 [INFO] httpx: HTTP Request: GET https://www.okx.com/api/v5/market/history-trades?instId=BTC-USDT&after=1137646364 "HTTP/2 200 OK"
2026-01-04 02:17:57,878 [INFO] okx_trade_fetcher: Fetching trades for BTC-USDT after 1137646264 before None
2026-01-04 02:17:58,076 [INFO] httpx: HTTP Request: GET https://www.okx.com/api/v5/market/history-trades?instId=BTC-USDT&after=1137646264 "HTTP/2 200 OK"
2026-01-04 02:17:58,077 [INFO] okx_trade_fetcher: Fetching trades for BTC-USDT after 1137646164 before None
2026-01-04 02:18:01,913 [INFO] httpx: HTTP Request: GET https://www.okx.com/api/v5/market/history-trades?instId=BTC-USDT&after=1137646164 "HTTP/2 200 OK"
2026-01-04 02:18:01,914 [INFO] okx_trade_fetcher: Fetching trades for BTC-USDT after 1137646064 before None
2026-01-04 02:18:02,160 [INFO] httpx: HTTP Request: GET https://www.okx.com/api/v5/market/history-trades?instId=BTC-USDT&after=1137646064 "HTTP/2 200 OK"
2026-01-04 02:18:02,161 [INFO] okx_trade_fetcher: Fetching trades for BTC-USDT after 1137645964 before None
2026-01-04 02:18:02,393 [INFO] httpx: HTTP Request: GET https://www.okx.com/api/v5/market/history-trades?instId=BTC-USDT&after=1137645964 "HTTP/2 200 OK"
2026-01-04 02:18:02,394 [INFO] okx_trade_fetcher: Fetching trades for BTC-USDT after 1137645864 before None
2026-01-04 02:18:02,640 [INFO] httpx: HTTP Request: GET https://www.okx.com/api/v5/market/history-trades?instId=BTC-USDT&after=1137645864 "HTTP/2 200 OK"
2026-01-04 02:18:02,641 [INFO] okx_trade_fetcher: Fetching trades for BTC-USDT after 1137645764 before None
2026-01-04 02:18:02,884 [INFO] httpx: HTTP Request: GET https://www.okx.com/api/v5/market/history-trades?instId=BTC-USDT&after=1137645764 "HTTP/2 200 OK"
2026-01-04 02:18:02,885 [INFO] okx_trade_fetcher: Fetching trades for BTC-USDT after 1137645664 before None
2026-01-04 02:18:03,116 [INFO] httpx: HTTP Request: GET https://www.okx.com/api/v5/market/history-trades?instId=BTC-USDT&after=1137645664 "HTTP/2 200 OK"
2026-01-04 02:18:03,117 [INFO] okx_trade_fetcher: Fetching trades for BTC-USDT after 1137645564 before None
2026-01-04 02:18:03,352 [INFO] httpx: HTTP Request: GET https://www.okx.com/api/v5/market/history-trades?instId=BTC-USDT&after=1137645564 "HTTP/2 200 OK"
2026-01-04 02:18:03,354 [INFO] okx_trade_fetcher: Fetching trades for BTC-USDT after 1137645464 before None
2026-01-04 02:18:03,588 [INFO] httpx: HTTP Request: GET https://www.okx.com/api/v5/market/history-trades?instId=BTC-USDT&after=1137645464 "HTTP/2 200 OK"
2026-01-04 02:18:03,589 [INFO] okx_trade_fetcher: Fetching trades for BTC-USDT after 1137645364 before None
2026-01-04 02:18:03,828 [INFO] httpx: HTTP Request: GET https://www.okx.com/api/v5/market/history-trades?instId=BTC-USDT&after=1137645364 "HTTP/2 200 OK"
2026-01-04 02:18:03,829 [INFO] okx_trade_fetcher: Fetching trades for BTC-USDT after 1137645264 before None
2026-01-04 02:18:04,041 [INFO] httpx: HTTP Request: GET https://www.okx.com/api/v5/market/history-trades?instId=BTC-USDT&after=1137645264 "HTTP/2 200 OK"
2026-01-04 02:18:04,043 [INFO] okx_trade_fetcher: Fetching trades for BTC-USDT after 1137645164 before None
2026-01-04 02:18:04,282 [INFO] httpx: HTTP Request: GET https://www.okx.com/api/v5/market/history-trades?instId=BTC-USDT&after=1137645164 "HTTP/2 200 OK"
2026-01-04 02:18:04,284 [INFO] file_storage.storage_router: Flushing 2000 BTC-USDT records for 2026-01-03
2026-01-04 02:18:04,284 [INFO] file_storage.storage_writers.local_storage_writer: Saving table to BTC-USDT/2026/1/3.parquet
2026-01-04 02:18:04,285 [INFO] file_storage.storage_router: Clearing buffer for 2026-01-03
2026-01-04 02:18:04,285 [INFO] okx_trade_fetcher: Fetching trades for BTC-USDT after 1137645064 before None
2026-01-04 02:18:04,522 [INFO] httpx: HTTP Request: GET https://www.okx.com/api/v5/market/history-trades?instId=BTC-USDT&after=1137645064 "HTTP/2 200 OK"
2026-01-04 02:18:04,523 [INFO] okx_trade_fetcher: Fetching trades for BTC-USDT after 1137644964 before None
2026-01-04 02:18:04,760 [INFO] httpx: HTTP Request: GET https://www.okx.com/api/v5/market/history-trades?instId=BTC-USDT&after=1137644964 "HTTP/2 200 OK"
2026-01-04 02:18:04,761 [INFO] okx_trade_fetcher: Fetching trades for BTC-USDT after 1137644864 before None
2026-01-04 02:18:05,006 [INFO] httpx: HTTP Request: GET https://www.okx.com/api/v5/market/history-trades?instId=BTC-USDT&after=1137644864 "HTTP/2 200 OK"
2026-01-04 02:18:05,008 [INFO] okx_trade_fetcher: Fetching trades for BTC-USDT after 1137644764 before None
2026-01-04 02:18:05,204 [INFO] httpx: HTTP Request: GET https://www.okx.com/api/v5/market/history-trades?instId=BTC-USDT&after=1137644764 "HTTP/2 200 OK"
2026-01-04 02:18:05,205 [INFO] okx_trade_fetcher: Fetching trades for BTC-USDT after 1137644664 before None
2026-01-04 02:18:05,444 [INFO] httpx: HTTP Request: GET https://www.okx.com/api/v5/market/history-trades?instId=BTC-USDT&after=1137644664 "HTTP/2 200 OK"
2026-01-04 02:18:05,446 [INFO] okx_trade_fetcher: Fetching trades for BTC-USDT after 1137644564 before None
2026-01-04 02:18:05,685 [INFO] httpx: HTTP Request: GET https://www.okx.com/api/v5/market/history-trades?instId=BTC-USDT&after=1137644564 "HTTP/2 200 OK"
2026-01-04 02:18:05,686 [INFO] okx_trade_fetcher: Fetching trades for BTC-USDT after 1137644464 before None
2026-01-04 02:18:05,930 [INFO] httpx: HTTP Request: GET https://www.okx.com/api/v5/market/history-trades?instId=BTC-USDT&after=1137644464 "HTTP/2 200 OK"
2026-01-04 02:18:05,930 [INFO] okx_trade_fetcher: Fetching trades for BTC-USDT after 1137644364 before None
2026-01-04 02:18:06,179 [INFO] httpx: HTTP Request: GET https://www.okx.com/api/v5/market/history-trades?instId=BTC-USDT&after=1137644364 "HTTP/2 200 OK"
2026-01-04 02:18:06,180 [INFO] okx_trade_fetcher: Fetching trades for BTC-USDT after 1137644264 before None
2026-01-04 02:18:06,427 [INFO] httpx: HTTP Request: GET https://www.okx.com/api/v5/market/history-trades?instId=BTC-USDT&after=1137644264 "HTTP/2 200 OK"
2026-01-04 02:18:06,429 [INFO] okx_trade_fetcher: Fetching trades for BTC-USDT after 1137644164 before None
2026-01-04 02:18:06,672 [INFO] httpx: HTTP Request: GET https://www.okx.com/api/v5/market/history-trades?instId=BTC-USDT&after=1137644164 "HTTP/2 200 OK"
2026-01-04 02:18:06,673 [INFO] okx_trade_fetcher: Fetching trades for BTC-USDT after 1137644064 before None
2026-01-04 02:18:06,914 [INFO] httpx: HTTP Request: GET https://www.okx.com/api/v5/market/history-trades?instId=BTC-USDT&after=1137644064 "HTTP/2 200 OK"
2026-01-04 02:18:06,915 [INFO] okx_trade_fetcher: Fetching trades for BTC-USDT after 1137643964 before None
2026-01-04 02:18:07,147 [INFO] httpx: HTTP Request: GET https://www.okx.com/api/v5/market/history-trades?instId=BTC-USDT&after=1137643964 "HTTP/2 200 OK"
2026-01-04 02:18:07,148 [INFO] okx_trade_fetcher: Fetching trades for BTC-USDT after 1137643864 before None
2026-01-04 02:18:07,385 [INFO] httpx: HTTP Request: GET https://www.okx.com/api/v5/market/history-trades?instId=BTC-USDT&after=1137643864 "HTTP/2 200 OK"
2026-01-04 02:18:07,386 [INFO] okx_trade_fetcher: Fetching trades for BTC-USDT after 1137643764 before None
2026-01-04 02:18:07,630 [INFO] httpx: HTTP Request: GET https://www.okx.com/api/v5/market/history-trades?instId=BTC-USDT&after=1137643764 "HTTP/2 200 OK"
2026-01-04 02:18:07,631 [INFO] okx_trade_fetcher: Fetching trades for BTC-USDT after 1137643664 before None
2026-01-04 02:18:07,872 [INFO] httpx: HTTP Request: GET https://www.okx.com/api/v5/market/history-trades?instId=BTC-USDT&after=1137643664 "HTTP/2 200 OK"
2026-01-04 02:18:07,874 [INFO] okx_trade_fetcher: Fetching trades for BTC-USDT after 1137643564 before None
2026-01-04 02:18:08,114 [INFO] httpx: HTTP Request: GET https://www.okx.com/api/v5/market/history-trades?instId=BTC-USDT&after=1137643564 "HTTP/2 200 OK"
2026-01-04 02:18:08,116 [INFO] okx_trade_fetcher: Fetching trades for BTC-USDT after 1137643464 before None
2026-01-04 02:18:08,380 [INFO] httpx: HTTP Request: GET https://www.okx.com/api/v5/market/history-trades?instId=BTC-USDT&after=1137643464 "HTTP/2 200 OK"
2026-01-04 02:18:08,381 [INFO] okx_trade_fetcher: Fetching trades for BTC-USDT after 1137643364 before None
2026-01-04 02:18:08,629 [INFO] httpx: HTTP Request: GET https://www.okx.com/api/v5/market/history-trades?instId=BTC-USDT&after=1137643364 "HTTP/2 200 OK"
2026-01-04 02:18:08,630 [INFO] okx_trade_fetcher: Fetching trades for BTC-USDT after 1137643264 before None
2026-01-04 02:18:08,869 [INFO] httpx: HTTP Request: GET https://www.okx.com/api/v5/market/history-trades?instId=BTC-USDT&after=1137643264 "HTTP/2 200 OK"
2026-01-04 02:18:08,872 [INFO] okx_trade_fetcher: Fetching trades for BTC-USDT after 1137643164 before None
2026-01-04 02:18:09,070 [INFO] httpx: HTTP Request: GET https://www.okx.com/api/v5/market/history-trades?instId=BTC-USDT&after=1137643164 "HTTP/2 200 OK"
2026-01-04 02:18:09,074 [INFO] file_storage.storage_router: Flushing 2000 BTC-USDT records for 2026-01-03
2026-01-04 02:18:09,074 [INFO] file_storage.storage_writers.local_storage_writer: Saving table to BTC-USDT/2026/1/3.parquet
2026-01-04 02:18:09,074 [INFO] file_storage.storage_router: Clearing buffer for 2026-01-03
2026-01-04 02:18:09,075 [INFO] okx_trade_fetcher: Fetching trades for BTC-USDT after 1137643064 before None
2026-01-04 02:18:09,306 [INFO] httpx: HTTP Request: GET https://www.okx.com/api/v5/market/history-trades?instId=BTC-USDT&after=1137643064 "HTTP/2 200 OK"
2026-01-04 02:18:09,307 [INFO] okx_trade_fetcher: Fetching trades for BTC-USDT after 1137642964 before None
2026-01-04 02:18:09,557 [INFO] httpx: HTTP Request: GET https://www.okx.com/api/v5/market/history-trades?instId=BTC-USDT&after=1137642964 "HTTP/2 200 OK"
2026-01-04 02:18:09,558 [INFO] okx_trade_fetcher: Fetching trades for BTC-USDT after 1137642864 before None
2026-01-04 02:18:09,800 [INFO] httpx: HTTP Request: GET https://www.okx.com/api/v5/market/history-trades?instId=BTC-USDT&after=1137642864 "HTTP/2 200 OK"
2026-01-04 02:18:09,802 [INFO] okx_trade_fetcher: Fetching trades for BTC-USDT after 1137642764 before None
2026-01-04 02:18:10,042 [INFO] httpx: HTTP Request: GET https://www.okx.com/api/v5/market/history-trades?instId=BTC-USDT&after=1137642764 "HTTP/2 200 OK"
2026-01-04 02:18:10,043 [INFO] okx_trade_fetcher: Fetching trades for BTC-USDT after 1137642664 before None
2026-01-04 02:18:10,289 [INFO] httpx: HTTP Request: GET https://www.okx.com/api/v5/market/history-trades?instId=BTC-USDT&after=1137642664 "HTTP/2 200 OK"
2026-01-04 02:18:10,290 [INFO] okx_trade_fetcher: Fetching trades for BTC-USDT after 1137642564 before None
2026-01-04 02:18:10,523 [INFO] httpx: HTTP Request: GET https://www.okx.com/api/v5/market/history-trades?instId=BTC-USDT&after=1137642564 "HTTP/2 200 OK"
2026-01-04 02:18:10,524 [INFO] okx_trade_fetcher: Fetching trades for BTC-USDT after 1137642464 before None
2026-01-04 02:18:10,766 [INFO] httpx: HTTP Request: GET https://www.okx.com/api/v5/market/history-trades?instId=BTC-USDT&after=1137642464 "HTTP/2 200 OK"
2026-01-04 02:18:10,767 [INFO] okx_trade_fetcher: Fetching trades for BTC-USDT after 1137642364 before None
2026-01-04 02:18:11,014 [INFO] httpx: HTTP Request: GET https://www.okx.com/api/v5/market/history-trades?instId=BTC-USDT&after=1137642364 "HTTP/2 200 OK"
2026-01-04 02:18:11,016 [INFO] okx_trade_fetcher: Fetching trades for BTC-USDT after 1137642264 before None
2026-01-04 02:18:11,248 [INFO] httpx: HTTP Request: GET https://www.okx.com/api/v5/market/history-trades?instId=BTC-USDT&after=1137642264 "HTTP/2 200 OK"
2026-01-04 02:18:11,249 [INFO] okx_trade_fetcher: Fetching trades for BTC-USDT after 1137642164 before None
2026-01-04 02:18:11,488 [INFO] httpx: HTTP Request: GET https://www.okx.com/api/v5/market/history-trades?instId=BTC-USDT&after=1137642164 "HTTP/2 200 OK"
2026-01-04 02:18:11,489 [INFO] okx_trade_fetcher: Fetching trades for BTC-USDT after 1137642064 before None
2026-01-04 02:18:11,730 [INFO] httpx: HTTP Request: GET https://www.okx.com/api/v5/market/history-trades?instId=BTC-USDT&after=1137642064 "HTTP/2 200 OK"
2026-01-04 02:18:11,731 [INFO] okx_trade_fetcher: Fetching trades for BTC-USDT after 1137641964 before None
2026-01-04 02:18:11,971 [INFO] httpx: HTTP Request: GET https://www.okx.com/api/v5/market/history-trades?instId=BTC-USDT&after=1137641964 "HTTP/2 200 OK"
2026-01-04 02:18:11,972 [INFO] okx_trade_fetcher: Fetching trades for BTC-USDT after 1137641864 before None
2026-01-04 02:18:12,167 [INFO] httpx: HTTP Request: GET https://www.okx.com/api/v5/market/history-trades?instId=BTC-USDT&after=1137641864 "HTTP/2 200 OK"
2026-01-04 02:18:12,168 [INFO] okx_trade_fetcher: Fetching trades for BTC-USDT after 1137641764 before None
2026-01-04 02:18:12,428 [INFO] httpx: HTTP Request: GET https://www.okx.com/api/v5/market/history-trades?instId=BTC-USDT&after=1137641764 "HTTP/2 200 OK"
2026-01-04 02:18:12,429 [INFO] okx_trade_fetcher: Fetching trades for BTC-USDT after 1137641664 before None
2026-01-04 02:18:12,668 [INFO] httpx: HTTP Request: GET https://www.okx.com/api/v5/market/history-trades?instId=BTC-USDT&after=1137641664 "HTTP/2 200 OK"
2026-01-04 02:18:12,670 [INFO] okx_trade_fetcher: Fetching trades for BTC-USDT after 1137641564 before None
2026-01-04 02:18:12,920 [INFO] httpx: HTTP Request: GET https://www.okx.com/api/v5/market/history-trades?instId=BTC-USDT&after=1137641564 "HTTP/2 200 OK"
2026-01-04 02:18:12,921 [INFO] okx_trade_fetcher: Fetching trades for BTC-USDT after 1137641464 before None
2026-01-04 02:18:13,160 [INFO] httpx: HTTP Request: GET https://www.okx.com/api/v5/market/history-trades?instId=BTC-USDT&after=1137641464 "HTTP/2 200 OK"
2026-01-04 02:18:13,162 [INFO] okx_trade_fetcher: Fetching trades for BTC-USDT after 1137641364 before None
2026-01-04 02:18:13,419 [INFO] httpx: HTTP Request: GET https://www.okx.com/api/v5/market/history-trades?instId=BTC-USDT&after=1137641364 "HTTP/2 200 OK"
2026-01-04 02:18:13,420 [INFO] okx_trade_fetcher: Fetching trades for BTC-USDT after 1137641264 before None
2026-01-04 02:18:13,652 [INFO] httpx: HTTP Request: GET https://www.okx.com/api/v5/market/history-trades?instId=BTC-USDT&after=1137641264 "HTTP/2 200 OK"
2026-01-04 02:18:13,653 [INFO] okx_trade_fetcher: Fetching trades for BTC-USDT after 1137641164 before None
2026-01-04 02:18:13,901 [INFO] httpx: HTTP Request: GET https://www.okx.com/api/v5/market/history-trades?instId=BTC-USDT&after=1137641164 "HTTP/2 200 OK"
2026-01-04 02:18:13,904 [INFO] file_storage.storage_router: Flushing 2000 BTC-USDT records for 2026-01-03
2026-01-04 02:18:13,904 [INFO] file_storage.storage_writers.local_storage_writer: Saving table to BTC-USDT/2026/1/3.parquet
2026-01-04 02:18:13,905 [INFO] file_storage.storage_router: Clearing buffer for 2026-01-03
2026-01-04 02:18:13,905 [INFO] okx_trade_fetcher: Fetching trades for BTC-USDT after 1137641064 before None
2026-01-04 02:18:14,137 [INFO] httpx: HTTP Request: GET https://www.okx.com/api/v5/market/history-trades?instId=BTC-USDT&after=1137641064 "HTTP/2 200 OK"
2026-01-04 02:18:14,137 [INFO] okx_trade_fetcher: Fetching trades for BTC-USDT after 1137640964 before None
2026-01-04 02:18:14,378 [INFO] httpx: HTTP Request: GET https://www.okx.com/api/v5/market/history-trades?instId=BTC-USDT&after=1137640964 "HTTP/2 200 OK"
2026-01-04 02:18:14,379 [INFO] okx_trade_fetcher: Fetching trades for BTC-USDT after 1137640864 before None
2026-01-04 02:18:14,577 [INFO] httpx: HTTP Request: GET https://www.okx.com/api/v5/market/history-trades?instId=BTC-USDT&after=1137640864 "HTTP/2 200 OK"
2026-01-04 02:18:14,579 [INFO] okx_trade_fetcher: Fetching trades for BTC-USDT after 1137640764 before None
2026-01-04 02:18:14,820 [INFO] httpx: HTTP Request: GET https://www.okx.com/api/v5/market/history-trades?instId=BTC-USDT&after=1137640764 "HTTP/2 200 OK"
2026-01-04 02:18:14,821 [INFO] okx_trade_fetcher: Fetching trades for BTC-USDT after 1137640664 before None
2026-01-04 02:18:15,015 [INFO] httpx: HTTP Request: GET https://www.okx.com/api/v5/market/history-trades?instId=BTC-USDT&after=1137640664 "HTTP/2 200 OK"
2026-01-04 02:18:15,016 [INFO] okx_trade_fetcher: Fetching trades for BTC-USDT after 1137640564 before None
2026-01-04 02:18:15,265 [INFO] httpx: HTTP Request: GET https://www.okx.com/api/v5/market/history-trades?instId=BTC-USDT&after=1137640564 "HTTP/2 200 OK"
2026-01-04 02:18:15,266 [INFO] okx_trade_fetcher: Fetching trades for BTC-USDT after 1137640464 before None
2026-01-04 02:18:15,505 [INFO] httpx: HTTP Request: GET https://www.okx.com/api/v5/market/history-trades?instId=BTC-USDT&after=1137640464 "HTTP/2 200 OK"
2026-01-04 02:18:15,506 [INFO] okx_trade_fetcher: Fetching trades for BTC-USDT after 1137640364 before None
2026-01-04 02:18:15,747 [INFO] httpx: HTTP Request: GET https://www.okx.com/api/v5/market/history-trades?instId=BTC-USDT&after=1137640364 "HTTP/2 200 OK"
2026-01-04 02:18:15,749 [INFO] okx_trade_fetcher: Fetching trades for BTC-USDT after 1137640264 before None
2026-01-04 02:18:15,994 [INFO] httpx: HTTP Request: GET https://www.okx.com/api/v5/market/history-trades?instId=BTC-USDT&after=1137640264 "HTTP/2 200 OK"
2026-01-04 02:18:15,995 [INFO] okx_trade_fetcher: Fetching trades for BTC-USDT after 1137640164 before None
2026-01-04 02:18:16,229 [INFO] httpx: HTTP Request: GET https://www.okx.com/api/v5/market/history-trades?instId=BTC-USDT&after=1137640164 "HTTP/2 200 OK"
2026-01-04 02:18:16,230 [INFO] okx_trade_fetcher: Fetching trades for BTC-USDT after 1137640064 before None
2026-01-04 02:18:16,463 [INFO] httpx: HTTP Request: GET https://www.okx.com/api/v5/market/history-trades?instId=BTC-USDT&after=1137640064 "HTTP/2 200 OK"
2026-01-04 02:18:16,464 [INFO] okx_trade_fetcher: Fetching trades for BTC-USDT after 1137639964 before None
2026-01-04 02:18:16,703 [INFO] httpx: HTTP Request: GET https://www.okx.com/api/v5/market/history-trades?instId=BTC-USDT&after=1137639964 "HTTP/2 200 OK"
2026-01-04 02:18:16,704 [INFO] okx_trade_fetcher: Fetching trades for BTC-USDT after 1137639864 before None
2026-01-04 02:18:16,943 [INFO] httpx: HTTP Request: GET https://www.okx.com/api/v5/market/history-trades?instId=BTC-USDT&after=1137639864 "HTTP/2 200 OK"
2026-01-04 02:18:16,944 [INFO] okx_trade_fetcher: Fetching trades for BTC-USDT after 1137639764 before None
2026-01-04 02:18:17,185 [INFO] httpx: HTTP Request: GET https://www.okx.com/api/v5/market/history-trades?instId=BTC-USDT&after=1137639764 "HTTP/2 200 OK"
2026-01-04 02:18:17,186 [INFO] okx_trade_fetcher: Fetching trades for BTC-USDT after 1137639664 before None
2026-01-04 02:18:17,429 [INFO] httpx: HTTP Request: GET https://www.okx.com/api/v5/market/history-trades?instId=BTC-USDT&after=1137639664 "HTTP/2 200 OK"
2026-01-04 02:18:17,432 [INFO] okx_trade_fetcher: Fetching trades for BTC-USDT after 1137639564 before None
2026-01-04 02:18:17,669 [INFO] httpx: HTTP Request: GET https://www.okx.com/api/v5/market/history-trades?instId=BTC-USDT&after=1137639564 "HTTP/2 200 OK"
2026-01-04 02:18:17,671 [INFO] okx_trade_fetcher: Fetching trades for BTC-USDT after 1137639464 before None
2026-01-04 02:18:17,924 [INFO] httpx: HTTP Request: GET https://www.okx.com/api/v5/market/history-trades?instId=BTC-USDT&after=1137639464 "HTTP/2 200 OK"
2026-01-04 02:18:17,926 [INFO] okx_trade_fetcher: Fetching trades for BTC-USDT after 1137639364 before None
2026-01-04 02:18:18,165 [INFO] httpx: HTTP Request: GET https://www.okx.com/api/v5/market/history-trades?instId=BTC-USDT&after=1137639364 "HTTP/2 200 OK"
2026-01-04 02:18:18,167 [INFO] okx_trade_fetcher: Fetching trades for BTC-USDT after 1137639264 before None
2026-01-04 02:18:18,411 [INFO] httpx: HTTP Request: GET https://www.okx.com/api/v5/market/history-trades?instId=BTC-USDT&after=1137639264 "HTTP/2 200 OK"
2026-01-04 02:18:18,412 [INFO] okx_trade_fetcher: Fetching trades for BTC-USDT after 1137639164 before None
2026-01-04 02:18:18,644 [INFO] httpx: HTTP Request: GET https://www.okx.com/api/v5/market/history-trades?instId=BTC-USDT&after=1137639164 "HTTP/2 200 OK"
2026-01-04 02:18:18,647 [INFO] file_storage.storage_router: Flushing 2000 BTC-USDT records for 2026-01-03
2026-01-04 02:18:18,647 [INFO] file_storage.storage_writers.local_storage_writer: Saving table to BTC-USDT/2026/1/3.parquet
2026-01-04 02:18:18,648 [INFO] file_storage.storage_router: Clearing buffer for 2026-01-03
2026-01-04 02:18:18,648 [INFO] okx_trade_fetcher: Fetching trades for BTC-USDT after 1137639064 before None
2026-01-04 02:18:18,883 [INFO] httpx: HTTP Request: GET https://www.okx.com/api/v5/market/history-trades?instId=BTC-USDT&after=1137639064 "HTTP/2 200 OK"
2026-01-04 02:18:18,884 [INFO] okx_trade_fetcher: Fetching trades for BTC-USDT after 1137638964 before None
2026-01-04 02:18:19,132 [INFO] httpx: HTTP Request: GET https://www.okx.com/api/v5/market/history-trades?instId=BTC-USDT&after=1137638964 "HTTP/2 200 OK"
2026-01-04 02:18:19,133 [INFO] okx_trade_fetcher: Fetching trades for BTC-USDT after 1137638864 before None
2026-01-04 02:18:19,371 [INFO] httpx: HTTP Request: GET https://www.okx.com/api/v5/market/history-trades?instId=BTC-USDT&after=1137638864 "HTTP/2 200 OK"
2026-01-04 02:18:19,372 [INFO] okx_trade_fetcher: Fetching trades for BTC-USDT after 1137638764 before None
2026-01-04 02:18:19,610 [INFO] httpx: HTTP Request: GET https://www.okx.com/api/v5/market/history-trades?instId=BTC-USDT&after=1137638764 "HTTP/2 200 OK"
2026-01-04 02:18:19,612 [INFO] okx_trade_fetcher: Fetching trades for BTC-USDT after 1137638664 before None
2026-01-04 02:18:19,852 [INFO] httpx: HTTP Request: GET https://www.okx.com/api/v5/market/history-trades?instId=BTC-USDT&after=1137638664 "HTTP/2 200 OK"
2026-01-04 02:18:19,855 [INFO] okx_trade_fetcher: Fetching trades for BTC-USDT after 1137638564 before None
2026-01-04 02:18:20,093 [INFO] httpx: HTTP Request: GET https://www.okx.com/api/v5/market/history-trades?instId=BTC-USDT&after=1137638564 "HTTP/2 200 OK"
2026-01-04 02:18:20,094 [INFO] okx_trade_fetcher: Fetching trades for BTC-USDT after 1137638464 before None
2026-01-04 02:18:20,338 [INFO] httpx: HTTP Request: GET https://www.okx.com/api/v5/market/history-trades?instId=BTC-USDT&after=1137638464 "HTTP/2 200 OK"
2026-01-04 02:18:20,338 [INFO] okx_trade_fetcher: Fetching trades for BTC-USDT after 1137638364 before None
2026-01-04 02:18:20,580 [INFO] httpx: HTTP Request: GET https://www.okx.com/api/v5/market/history-trades?instId=BTC-USDT&after=1137638364 "HTTP/2 200 OK"
2026-01-04 02:18:20,581 [INFO] okx_trade_fetcher: Fetching trades for BTC-USDT after 1137638264 before None
2026-01-04 02:18:20,822 [INFO] httpx: HTTP Request: GET https://www.okx.com/api/v5/market/history-trades?instId=BTC-USDT&after=1137638264 "HTTP/2 200 OK"
2026-01-04 02:18:20,823 [INFO] okx_trade_fetcher: Fetching trades for BTC-USDT after 1137638164 before None
2026-01-04 02:18:21,088 [INFO] httpx: HTTP Request: GET https://www.okx.com/api/v5/market/history-trades?instId=BTC-USDT&after=1137638164 "HTTP/2 200 OK"
2026-01-04 02:18:21,089 [INFO] okx_trade_fetcher: Fetching trades for BTC-USDT after 1137638064 before None
2026-01-04 02:18:21,329 [INFO] httpx: HTTP Request: GET https://www.okx.com/api/v5/market/history-trades?instId=BTC-USDT&after=1137638064 "HTTP/2 200 OK"
2026-01-04 02:18:21,331 [INFO] okx_trade_fetcher: Fetching trades for BTC-USDT after 1137637964 before None
2026-01-04 02:18:21,562 [INFO] httpx: HTTP Request: GET https://www.okx.com/api/v5/market/history-trades?instId=BTC-USDT&after=1137637964 "HTTP/2 200 OK"
2026-01-04 02:18:21,563 [INFO] okx_trade_fetcher: Fetching trades for BTC-USDT after 1137637864 before None
2026-01-04 02:18:21,800 [INFO] httpx: HTTP Request: GET https://www.okx.com/api/v5/market/history-trades?instId=BTC-USDT&after=1137637864 "HTTP/2 200 OK"
2026-01-04 02:18:21,802 [INFO] okx_trade_fetcher: Fetching trades for BTC-USDT after 1137637764 before None
2026-01-04 02:18:22,043 [INFO] httpx: HTTP Request: GET https://www.okx.com/api/v5/market/history-trades?instId=BTC-USDT&after=1137637764 "HTTP/2 200 OK"
2026-01-04 02:18:22,044 [INFO] okx_trade_fetcher: Fetching trades for BTC-USDT after 1137637664 before None
2026-01-04 02:18:22,283 [INFO] httpx: HTTP Request: GET https://www.okx.com/api/v5/market/history-trades?instId=BTC-USDT&after=1137637664 "HTTP/2 200 OK"
2026-01-04 02:18:22,284 [INFO] okx_trade_fetcher: Fetching trades for BTC-USDT after 1137637564 before None
2026-01-04 02:18:22,516 [INFO] httpx: HTTP Request: GET https://www.okx.com/api/v5/market/history-trades?instId=BTC-USDT&after=1137637564 "HTTP/2 200 OK"
2026-01-04 02:18:22,516 [INFO] okx_trade_fetcher: Fetching trades for BTC-USDT after 1137637464 before None
2026-01-04 02:18:22,765 [INFO] httpx: HTTP Request: GET https://www.okx.com/api/v5/market/history-trades?instId=BTC-USDT&after=1137637464 "HTTP/2 200 OK"
2026-01-04 02:18:22,766 [INFO] okx_trade_fetcher: Fetching trades for BTC-USDT after 1137637364 before None
2026-01-04 02:18:22,968 [INFO] httpx: HTTP Request: GET https://www.okx.com/api/v5/market/history-trades?instId=BTC-USDT&after=1137637364 "HTTP/2 200 OK"
2026-01-04 02:18:22,969 [INFO] okx_trade_fetcher: Fetching trades for BTC-USDT after 1137637264 before None
2026-01-04 02:18:23,216 [INFO] httpx: HTTP Request: GET https://www.okx.com/api/v5/market/history-trades?instId=BTC-USDT&after=1137637264 "HTTP/2 200 OK"
2026-01-04 02:18:23,217 [INFO] okx_trade_fetcher: Fetching trades for BTC-USDT after 1137637164 before None
2026-01-04 02:18:23,466 [INFO] httpx: HTTP Request: GET https://www.okx.com/api/v5/market/history-trades?instId=BTC-USDT&after=1137637164 "HTTP/2 200 OK"
2026-01-04 02:18:23,469 [INFO] file_storage.storage_router: Flushing 2000 BTC-USDT records for 2026-01-03
2026-01-04 02:18:23,469 [INFO] file_storage.storage_writers.local_storage_writer: Saving table to BTC-USDT/2026/1/3.parquet
2026-01-04 02:18:23,470 [INFO] file_storage.storage_router: Clearing buffer for 2026-01-03
2026-01-04 02:18:23,470 [INFO] okx_trade_fetcher: Fetching trades for BTC-USDT after 1137637064 before None
2026-01-04 02:18:23,709 [INFO] httpx: HTTP Request: GET https://www.okx.com/api/v5/market/history-trades?instId=BTC-USDT&after=1137637064 "HTTP/2 200 OK"
2026-01-04 02:18:23,710 [INFO] okx_trade_fetcher: Fetching trades for BTC-USDT after 1137636964 before None
2026-01-04 02:18:23,949 [INFO] httpx: HTTP Request: GET https://www.okx.com/api/v5/market/history-trades?instId=BTC-USDT&after=1137636964 "HTTP/2 200 OK"
2026-01-04 02:18:23,950 [INFO] okx_trade_fetcher: Fetching trades for BTC-USDT after 1137636864 before None
2026-01-04 02:18:24,144 [INFO] httpx: HTTP Request: GET https://www.okx.com/api/v5/market/history-trades?instId=BTC-USDT&after=1137636864 "HTTP/2 200 OK"
2026-01-04 02:18:24,145 [INFO] okx_trade_fetcher: Fetching trades for BTC-USDT after 1137636764 before None
2026-01-04 02:18:24,383 [INFO] httpx: HTTP Request: GET https://www.okx.com/api/v5/market/history-trades?instId=BTC-USDT&after=1137636764 "HTTP/2 200 OK"
2026-01-04 02:18:24,383 [INFO] okx_trade_fetcher: Fetching trades for BTC-USDT after 1137636664 before None
2026-01-04 02:18:24,579 [INFO] httpx: HTTP Request: GET https://www.okx.com/api/v5/market/history-trades?instId=BTC-USDT&after=1137636664 "HTTP/2 200 OK"
2026-01-04 02:18:24,580 [INFO] okx_trade_fetcher: Fetching trades for BTC-USDT after 1137636564 before None
2026-01-04 02:18:24,811 [INFO] httpx: HTTP Request: GET https://www.okx.com/api/v5/market/history-trades?instId=BTC-USDT&after=1137636564 "HTTP/2 200 OK"
2026-01-04 02:18:24,812 [INFO] okx_trade_fetcher: Fetching trades for BTC-USDT after 1137636464 before None
2026-01-04 02:18:25,052 [INFO] httpx: HTTP Request: GET https://www.okx.com/api/v5/market/history-trades?instId=BTC-USDT&after=1137636464 "HTTP/2 200 OK"
2026-01-04 02:18:25,054 [INFO] okx_trade_fetcher: Fetching trades for BTC-USDT after 1137636364 before None
2026-01-04 02:18:25,292 [INFO] httpx: HTTP Request: GET https://www.okx.com/api/v5/market/history-trades?instId=BTC-USDT&after=1137636364 "HTTP/2 200 OK"
2026-01-04 02:18:25,293 [INFO] okx_trade_fetcher: Fetching trades for BTC-USDT after 1137636264 before None
2026-01-04 02:18:25,542 [INFO] httpx: HTTP Request: GET https://www.okx.com/api/v5/market/history-trades?instId=BTC-USDT&after=1137636264 "HTTP/2 200 OK"
2026-01-04 02:18:25,543 [INFO] okx_trade_fetcher: Fetching trades for BTC-USDT after 1137636164 before None
2026-01-04 02:18:25,781 [INFO] httpx: HTTP Request: GET https://www.okx.com/api/v5/market/history-trades?instId=BTC-USDT&after=1137636164 "HTTP/2 200 OK"
2026-01-04 02:18:25,782 [INFO] okx_trade_fetcher: Fetching trades for BTC-USDT after 1137636064 before None
2026-01-04 02:18:25,976 [INFO] httpx: HTTP Request: GET https://www.okx.com/api/v5/market/history-trades?instId=BTC-USDT&after=1137636064 "HTTP/2 200 OK"
2026-01-04 02:18:25,977 [INFO] okx_trade_fetcher: Fetching trades for BTC-USDT after 1137635964 before None
2026-01-04 02:18:26,213 [INFO] httpx: HTTP Request: GET https://www.okx.com/api/v5/market/history-trades?instId=BTC-USDT&after=1137635964 "HTTP/2 200 OK"
2026-01-04 02:18:26,215 [INFO] okx_trade_fetcher: Fetching trades for BTC-USDT after 1137635864 before None
2026-01-04 02:18:26,460 [INFO] httpx: HTTP Request: GET https://www.okx.com/api/v5/market/history-trades?instId=BTC-USDT&after=1137635864 "HTTP/2 200 OK"
2026-01-04 02:18:26,461 [INFO] okx_trade_fetcher: Fetching trades for BTC-USDT after 1137635764 before None
2026-01-04 02:18:26,658 [INFO] httpx: HTTP Request: GET https://www.okx.com/api/v5/market/history-trades?instId=BTC-USDT&after=1137635764 "HTTP/2 200 OK"
2026-01-04 02:18:26,659 [INFO] okx_trade_fetcher: Fetching trades for BTC-USDT after 1137635664 before None
2026-01-04 02:18:26,856 [INFO] httpx: HTTP Request: GET https://www.okx.com/api/v5/market/history-trades?instId=BTC-USDT&after=1137635664 "HTTP/2 200 OK"
2026-01-04 02:18:26,858 [INFO] okx_trade_fetcher: Fetching trades for BTC-USDT after 1137635564 before None
2026-01-04 02:18:27,106 [INFO] httpx: HTTP Request: GET https://www.okx.com/api/v5/market/history-trades?instId=BTC-USDT&after=1137635564 "HTTP/2 200 OK"
2026-01-04 02:18:27,107 [INFO] okx_trade_fetcher: Fetching trades for BTC-USDT after 1137635464 before None
2026-01-04 02:18:27,354 [INFO] httpx: HTTP Request: GET https://www.okx.com/api/v5/market/history-trades?instId=BTC-USDT&after=1137635464 "HTTP/2 200 OK"
2026-01-04 02:18:27,355 [INFO] okx_trade_fetcher: Fetching trades for BTC-USDT after 1137635364 before None
2026-01-04 02:18:27,553 [INFO] httpx: HTTP Request: GET https://www.okx.com/api/v5/market/history-trades?instId=BTC-USDT&after=1137635364 "HTTP/2 200 OK"
2026-01-04 02:18:27,554 [INFO] okx_trade_fetcher: Fetching trades for BTC-USDT after 1137635264 before None
2026-01-04 02:18:27,796 [INFO] httpx: HTTP Request: GET https://www.okx.com/api/v5/market/history-trades?instId=BTC-USDT&after=1137635264 "HTTP/2 200 OK"
2026-01-04 02:18:27,797 [INFO] okx_trade_fetcher: Fetching trades for BTC-USDT after 1137635164 before None
2026-01-04 02:18:28,047 [INFO] httpx: HTTP Request: GET https://www.okx.com/api/v5/market/history-trades?instId=BTC-USDT&after=1137635164 "HTTP/2 200 OK"
2026-01-04 02:18:28,050 [INFO] file_storage.storage_router: Flushing 2000 BTC-USDT records for 2026-01-03
2026-01-04 02:18:28,050 [INFO] file_storage.storage_writers.local_storage_writer: Saving table to BTC-USDT/2026/1/3.parquet
2026-01-04 02:18:28,051 [INFO] file_storage.storage_router: Clearing buffer for 2026-01-03
2026-01-04 02:18:28,051 [INFO] okx_trade_fetcher: Fetching trades for BTC-USDT after 1137635064 before None
2026-01-04 02:18:28,326 [INFO] httpx: HTTP Request: GET https://www.okx.com/api/v5/market/history-trades?instId=BTC-USDT&after=1137635064 "HTTP/2 200 OK"
2026-01-04 02:18:28,327 [INFO] okx_trade_fetcher: Fetching trades for BTC-USDT after 1137634964 before None
2026-01-04 02:18:28,527 [INFO] httpx: HTTP Request: GET https://www.okx.com/api/v5/market/history-trades?instId=BTC-USDT&after=1137634964 "HTTP/2 200 OK"
2026-01-04 02:18:28,528 [INFO] okx_trade_fetcher: Fetching trades for BTC-USDT after 1137634864 before None
2026-01-04 02:18:28,792 [INFO] httpx: HTTP Request: GET https://www.okx.com/api/v5/market/history-trades?instId=BTC-USDT&after=1137634864 "HTTP/2 200 OK"
2026-01-04 02:18:28,793 [INFO] okx_trade_fetcher: Fetching trades for BTC-USDT after 1137634764 before None
2026-01-04 02:18:29,028 [INFO] httpx: HTTP Request: GET https://www.okx.com/api/v5/market/history-trades?instId=BTC-USDT&after=1137634764 "HTTP/2 200 OK"
2026-01-04 02:18:29,028 [INFO] okx_trade_fetcher: Fetching trades for BTC-USDT after 1137634664 before None
2026-01-04 02:18:29,266 [INFO] httpx: HTTP Request: GET https://www.okx.com/api/v5/market/history-trades?instId=BTC-USDT&after=1137634664 "HTTP/2 200 OK"
2026-01-04 02:18:29,267 [INFO] okx_trade_fetcher: Fetching trades for BTC-USDT after 1137634564 before None
2026-01-04 02:18:29,516 [INFO] httpx: HTTP Request: GET https://www.okx.com/api/v5/market/history-trades?instId=BTC-USDT&after=1137634564 "HTTP/2 200 OK"
2026-01-04 02:18:29,517 [INFO] okx_trade_fetcher: Fetching trades for BTC-USDT after 1137634464 before None
2026-01-04 02:18:29,763 [INFO] httpx: HTTP Request: GET https://www.okx.com/api/v5/market/history-trades?instId=BTC-USDT&after=1137634464 "HTTP/2 200 OK"
2026-01-04 02:18:29,764 [INFO] okx_trade_fetcher: Fetching trades for BTC-USDT after 1137634364 before None
2026-01-04 02:18:30,002 [INFO] httpx: HTTP Request: GET https://www.okx.com/api/v5/market/history-trades?instId=BTC-USDT&after=1137634364 "HTTP/2 200 OK"
2026-01-04 02:18:30,004 [INFO] okx_trade_fetcher: Fetching trades for BTC-USDT after 1137634264 before None
2026-01-04 02:18:30,244 [INFO] httpx: HTTP Request: GET https://www.okx.com/api/v5/market/history-trades?instId=BTC-USDT&after=1137634264 "HTTP/2 200 OK"
2026-01-04 02:18:30,245 [INFO] okx_trade_fetcher: Fetching trades for BTC-USDT after 1137634164 before None
2026-01-04 02:18:30,485 [INFO] httpx: HTTP Request: GET https://www.okx.com/api/v5/market/history-trades?instId=BTC-USDT&after=1137634164 "HTTP/2 200 OK"
2026-01-04 02:18:30,485 [INFO] okx_trade_fetcher: Fetching trades for BTC-USDT after 1137634064 before None
2026-01-04 02:18:30,725 [INFO] httpx: HTTP Request: GET https://www.okx.com/api/v5/market/history-trades?instId=BTC-USDT&after=1137634064 "HTTP/2 200 OK"
2026-01-04 02:18:30,726 [INFO] okx_trade_fetcher: Fetching trades for BTC-USDT after 1137633964 before None
2026-01-04 02:18:30,970 [INFO] httpx: HTTP Request: GET https://www.okx.com/api/v5/market/history-trades?instId=BTC-USDT&after=1137633964 "HTTP/2 200 OK"
2026-01-04 02:18:30,972 [INFO] okx_trade_fetcher: Fetching trades for BTC-USDT after 1137633864 before None
2026-01-04 02:18:31,213 [INFO] httpx: HTTP Request: GET https://www.okx.com/api/v5/market/history-trades?instId=BTC-USDT&after=1137633864 "HTTP/2 200 OK"
2026-01-04 02:18:31,214 [INFO] okx_trade_fetcher: Fetching trades for BTC-USDT after 1137633764 before None
2026-01-04 02:18:31,452 [INFO] httpx: HTTP Request: GET https://www.okx.com/api/v5/market/history-trades?instId=BTC-USDT&after=1137633764 "HTTP/2 200 OK"
2026-01-04 02:18:31,453 [INFO] okx_trade_fetcher: Fetching trades for BTC-USDT after 1137633664 before None
2026-01-04 02:18:31,703 [INFO] httpx: HTTP Request: GET https://www.okx.com/api/v5/market/history-trades?instId=BTC-USDT&after=1137633664 "HTTP/2 200 OK"
2026-01-04 02:18:31,705 [INFO] okx_trade_fetcher: Fetching trades for BTC-USDT after 1137633564 before None
2026-01-04 02:18:31,938 [INFO] httpx: HTTP Request: GET https://www.okx.com/api/v5/market/history-trades?instId=BTC-USDT&after=1137633564 "HTTP/2 200 OK"
2026-01-04 02:18:31,939 [INFO] okx_trade_fetcher: Fetching trades for BTC-USDT after 1137633464 before None
2026-01-04 02:18:32,182 [INFO] httpx: HTTP Request: GET https://www.okx.com/api/v5/market/history-trades?instId=BTC-USDT&after=1137633464 "HTTP/2 200 OK"
2026-01-04 02:18:32,183 [INFO] okx_trade_fetcher: Fetching trades for BTC-USDT after 1137633364 before None
2026-01-04 02:18:32,380 [INFO] httpx: HTTP Request: GET https://www.okx.com/api/v5/market/history-trades?instId=BTC-USDT&after=1137633364 "HTTP/2 200 OK"
2026-01-04 02:18:32,381 [INFO] okx_trade_fetcher: Fetching trades for BTC-USDT after 1137633264 before None
2026-01-04 02:18:32,632 [INFO] httpx: HTTP Request: GET https://www.okx.com/api/v5/market/history-trades?instId=BTC-USDT&after=1137633264 "HTTP/2 200 OK"
2026-01-04 02:18:32,633 [INFO] okx_trade_fetcher: Fetching trades for BTC-USDT after 1137633164 before None
2026-01-04 02:18:32,881 [INFO] httpx: HTTP Request: GET https://www.okx.com/api/v5/market/history-trades?instId=BTC-USDT&after=1137633164 "HTTP/2 200 OK"
2026-01-04 02:18:32,884 [INFO] file_storage.storage_router: Flushing 2000 BTC-USDT records for 2026-01-03
2026-01-04 02:18:32,884 [INFO] file_storage.storage_writers.local_storage_writer: Saving table to BTC-USDT/2026/1/3.parquet
2026-01-04 02:18:32,885 [INFO] file_storage.storage_router: Clearing buffer for 2026-01-03
2026-01-04 02:18:32,885 [INFO] okx_trade_fetcher: Fetching trades for BTC-USDT after 1137633064 before None
2026-01-04 02:18:33,134 [INFO] httpx: HTTP Request: GET https://www.okx.com/api/v5/market/history-trades?instId=BTC-USDT&after=1137633064 "HTTP/2 200 OK"
2026-01-04 02:18:33,135 [INFO] okx_trade_fetcher: Fetching trades for BTC-USDT after 1137632964 before None
2026-01-04 02:18:33,375 [INFO] httpx: HTTP Request: GET https://www.okx.com/api/v5/market/history-trades?instId=BTC-USDT&after=1137632964 "HTTP/2 200 OK"
2026-01-04 02:18:33,376 [INFO] okx_trade_fetcher: Fetching trades for BTC-USDT after 1137632864 before None
2026-01-04 02:18:33,610 [INFO] httpx: HTTP Request: GET https://www.okx.com/api/v5/market/history-trades?instId=BTC-USDT&after=1137632864 "HTTP/2 200 OK"
2026-01-04 02:18:33,611 [INFO] okx_trade_fetcher: Fetching trades for BTC-USDT after 1137632764 before None
2026-01-04 02:18:33,853 [INFO] httpx: HTTP Request: GET https://www.okx.com/api/v5/market/history-trades?instId=BTC-USDT&after=1137632764 "HTTP/2 200 OK"
2026-01-04 02:18:33,854 [INFO] okx_trade_fetcher: Fetching trades for BTC-USDT after 1137632664 before None
2026-01-04 02:18:37,701 [INFO] httpx: HTTP Request: GET https://www.okx.com/api/v5/market/history-trades?instId=BTC-USDT&after=1137632664 "HTTP/2 200 OK"
2026-01-04 02:18:37,702 [INFO] okx_trade_fetcher: Fetching trades for BTC-USDT after 1137632564 before None
2026-01-04 02:18:37,944 [INFO] httpx: HTTP Request: GET https://www.okx.com/api/v5/market/history-trades?instId=BTC-USDT&after=1137632564 "HTTP/2 200 OK"
2026-01-04 02:18:37,945 [INFO] okx_trade_fetcher: Fetching trades for BTC-USDT after 1137632464 before None
2026-01-04 02:18:38,196 [INFO] httpx: HTTP Request: GET https://www.okx.com/api/v5/market/history-trades?instId=BTC-USDT&after=1137632464 "HTTP/2 200 OK"
2026-01-04 02:18:38,197 [INFO] okx_trade_fetcher: Fetching trades for BTC-USDT after 1137632364 before None
2026-01-04 02:18:38,451 [INFO] httpx: HTTP Request: GET https://www.okx.com/api/v5/market/history-trades?instId=BTC-USDT&after=1137632364 "HTTP/2 200 OK"
2026-01-04 02:18:38,453 [INFO] okx_trade_fetcher: Fetching trades for BTC-USDT after 1137632264 before None
2026-01-04 02:18:38,699 [INFO] httpx: HTTP Request: GET https://www.okx.com/api/v5/market/history-trades?instId=BTC-USDT&after=1137632264 "HTTP/2 200 OK"
2026-01-04 02:18:38,701 [INFO] okx_trade_fetcher: Fetching trades for BTC-USDT after 1137632164 before None
2026-01-04 02:18:38,945 [INFO] httpx: HTTP Request: GET https://www.okx.com/api/v5/market/history-trades?instId=BTC-USDT&after=1137632164 "HTTP/2 200 OK"
2026-01-04 02:18:38,946 [INFO] okx_trade_fetcher: Fetching trades for BTC-USDT after 1137632064 before None
2026-01-04 02:18:39,140 [INFO] httpx: HTTP Request: GET https://www.okx.com/api/v5/market/history-trades?instId=BTC-USDT&after=1137632064 "HTTP/2 200 OK"
2026-01-04 02:18:39,142 [INFO] okx_trade_fetcher: Fetching trades for BTC-USDT after 1137631964 before None
2026-01-04 02:18:39,395 [INFO] httpx: HTTP Request: GET https://www.okx.com/api/v5/market/history-trades?instId=BTC-USDT&after=1137631964 "HTTP/2 200 OK"
2026-01-04 02:18:39,396 [INFO] okx_trade_fetcher: Fetching trades for BTC-USDT after 1137631864 before None
2026-01-04 02:18:39,636 [INFO] httpx: HTTP Request: GET https://www.okx.com/api/v5/market/history-trades?instId=BTC-USDT&after=1137631864 "HTTP/2 200 OK"
2026-01-04 02:18:39,637 [INFO] okx_trade_fetcher: Fetching trades for BTC-USDT after 1137631764 before None
2026-01-04 02:18:39,834 [INFO] httpx: HTTP Request: GET https://www.okx.com/api/v5/market/history-trades?instId=BTC-USDT&after=1137631764 "HTTP/2 200 OK"
2026-01-04 02:18:39,835 [INFO] okx_trade_fetcher: Fetching trades for BTC-USDT after 1137631664 before None
2026-01-04 02:18:40,074 [INFO] httpx: HTTP Request: GET https://www.okx.com/api/v5/market/history-trades?instId=BTC-USDT&after=1137631664 "HTTP/2 200 OK"
2026-01-04 02:18:40,075 [INFO] okx_trade_fetcher: Fetching trades for BTC-USDT after 1137631564 before None
2026-01-04 02:18:40,315 [INFO] httpx: HTTP Request: GET https://www.okx.com/api/v5/market/history-trades?instId=BTC-USDT&after=1137631564 "HTTP/2 200 OK"
2026-01-04 02:18:40,316 [INFO] okx_trade_fetcher: Fetching trades for BTC-USDT after 1137631464 before None
2026-01-04 02:18:40,512 [INFO] httpx: HTTP Request: GET https://www.okx.com/api/v5/market/history-trades?instId=BTC-USDT&after=1137631464 "HTTP/2 200 OK"
2026-01-04 02:18:40,513 [INFO] okx_trade_fetcher: Fetching trades for BTC-USDT after 1137631364 before None
2026-01-04 02:18:40,708 [INFO] httpx: HTTP Request: GET https://www.okx.com/api/v5/market/history-trades?instId=BTC-USDT&after=1137631364 "HTTP/2 200 OK"
2026-01-04 02:18:40,709 [INFO] okx_trade_fetcher: Fetching trades for BTC-USDT after 1137631264 before None
2026-01-04 02:18:40,953 [INFO] httpx: HTTP Request: GET https://www.okx.com/api/v5/market/history-trades?instId=BTC-USDT&after=1137631264 "HTTP/2 200 OK"
2026-01-04 02:18:40,954 [INFO] okx_trade_fetcher: Fetching trades for BTC-USDT after 1137631164 before None
2026-01-04 02:18:41,148 [INFO] httpx: HTTP Request: GET https://www.okx.com/api/v5/market/history-trades?instId=BTC-USDT&after=1137631164 "HTTP/2 200 OK"
2026-01-04 02:18:41,151 [INFO] file_storage.storage_router: Flushing 2000 BTC-USDT records for 2026-01-03
2026-01-04 02:18:41,151 [INFO] file_storage.storage_writers.local_storage_writer: Saving table to BTC-USDT/2026/1/3.parquet
2026-01-04 02:18:41,152 [INFO] file_storage.storage_router: Clearing buffer for 2026-01-03
2026-01-04 02:18:41,152 [INFO] okx_trade_fetcher: Fetching trades for BTC-USDT after 1137631064 before None
2026-01-04 02:18:41,393 [INFO] httpx: HTTP Request: GET https://www.okx.com/api/v5/market/history-trades?instId=BTC-USDT&after=1137631064 "HTTP/2 200 OK"
2026-01-04 02:18:41,394 [INFO] okx_trade_fetcher: Fetching trades for BTC-USDT after 1137630964 before None
2026-01-04 02:18:41,634 [INFO] httpx: HTTP Request: GET https://www.okx.com/api/v5/market/history-trades?instId=BTC-USDT&after=1137630964 "HTTP/2 200 OK"
2026-01-04 02:18:41,635 [INFO] okx_trade_fetcher: Fetching trades for BTC-USDT after 1137630864 before None
2026-01-04 02:18:41,885 [INFO] httpx: HTTP Request: GET https://www.okx.com/api/v5/market/history-trades?instId=BTC-USDT&after=1137630864 "HTTP/2 200 OK"
2026-01-04 02:18:41,886 [INFO] okx_trade_fetcher: Fetching trades for BTC-USDT after 1137630764 before None
2026-01-04 02:18:42,118 [INFO] httpx: HTTP Request: GET https://www.okx.com/api/v5/market/history-trades?instId=BTC-USDT&after=1137630764 "HTTP/2 200 OK"
2026-01-04 02:18:42,119 [INFO] okx_trade_fetcher: Fetching trades for BTC-USDT after 1137630664 before None
2026-01-04 02:18:42,367 [INFO] httpx: HTTP Request: GET https://www.okx.com/api/v5/market/history-trades?instId=BTC-USDT&after=1137630664 "HTTP/2 200 OK"
2026-01-04 02:18:42,369 [INFO] okx_trade_fetcher: Fetching trades for BTC-USDT after 1137630564 before None
2026-01-04 02:18:42,603 [INFO] httpx: HTTP Request: GET https://www.okx.com/api/v5/market/history-trades?instId=BTC-USDT&after=1137630564 "HTTP/2 200 OK"
2026-01-04 02:18:42,605 [INFO] okx_trade_fetcher: Fetching trades for BTC-USDT after 1137630464 before None
2026-01-04 02:18:42,855 [INFO] httpx: HTTP Request: GET https://www.okx.com/api/v5/market/history-trades?instId=BTC-USDT&after=1137630464 "HTTP/2 200 OK"
2026-01-04 02:18:42,856 [INFO] okx_trade_fetcher: Fetching trades for BTC-USDT after 1137630364 before None
2026-01-04 02:18:43,073 [INFO] httpx: HTTP Request: GET https://www.okx.com/api/v5/market/history-trades?instId=BTC-USDT&after=1137630364 "HTTP/2 200 OK"
2026-01-04 02:18:43,074 [INFO] okx_trade_fetcher: Fetching trades for BTC-USDT after 1137630264 before None
2026-01-04 02:18:43,271 [INFO] httpx: HTTP Request: GET https://www.okx.com/api/v5/market/history-trades?instId=BTC-USDT&after=1137630264 "HTTP/2 200 OK"
2026-01-04 02:18:43,273 [INFO] okx_trade_fetcher: Fetching trades for BTC-USDT after 1137630164 before None
2026-01-04 02:18:43,471 [INFO] httpx: HTTP Request: GET https://www.okx.com/api/v5/market/history-trades?instId=BTC-USDT&after=1137630164 "HTTP/2 200 OK"
2026-01-04 02:18:43,472 [INFO] okx_trade_fetcher: Fetching trades for BTC-USDT after 1137630064 before None
2026-01-04 02:18:43,711 [INFO] httpx: HTTP Request: GET https://www.okx.com/api/v5/market/history-trades?instId=BTC-USDT&after=1137630064 "HTTP/2 200 OK"
2026-01-04 02:18:43,712 [INFO] okx_trade_fetcher: Fetching trades for BTC-USDT after 1137629964 before None
2026-01-04 02:18:43,944 [INFO] httpx: HTTP Request: GET https://www.okx.com/api/v5/market/history-trades?instId=BTC-USDT&after=1137629964 "HTTP/2 200 OK"
2026-01-04 02:18:43,946 [INFO] okx_trade_fetcher: Fetching trades for BTC-USDT after 1137629864 before None
2026-01-04 02:18:44,188 [INFO] httpx: HTTP Request: GET https://www.okx.com/api/v5/market/history-trades?instId=BTC-USDT&after=1137629864 "HTTP/2 200 OK"
2026-01-04 02:18:44,189 [INFO] okx_trade_fetcher: Fetching trades for BTC-USDT after 1137629764 before None
2026-01-04 02:18:44,385 [INFO] httpx: HTTP Request: GET https://www.okx.com/api/v5/market/history-trades?instId=BTC-USDT&after=1137629764 "HTTP/2 200 OK"
2026-01-04 02:18:44,387 [INFO] okx_trade_fetcher: Fetching trades for BTC-USDT after 1137629664 before None
2026-01-04 02:18:44,625 [INFO] httpx: HTTP Request: GET https://www.okx.com/api/v5/market/history-trades?instId=BTC-USDT&after=1137629664 "HTTP/2 200 OK"
2026-01-04 02:18:44,626 [INFO] okx_trade_fetcher: Fetching trades for BTC-USDT after 1137629564 before None
2026-01-04 02:18:44,878 [INFO] httpx: HTTP Request: GET https://www.okx.com/api/v5/market/history-trades?instId=BTC-USDT&after=1137629564 "HTTP/2 200 OK"
2026-01-04 02:18:44,879 [INFO] okx_trade_fetcher: Fetching trades for BTC-USDT after 1137629464 before None
2026-01-04 02:18:45,079 [INFO] httpx: HTTP Request: GET https://www.okx.com/api/v5/market/history-trades?instId=BTC-USDT&after=1137629464 "HTTP/2 200 OK"
2026-01-04 02:18:45,080 [INFO] okx_trade_fetcher: Fetching trades for BTC-USDT after 1137629364 before None
2026-01-04 02:18:45,278 [INFO] httpx: HTTP Request: GET https://www.okx.com/api/v5/market/history-trades?instId=BTC-USDT&after=1137629364 "HTTP/2 200 OK"
2026-01-04 02:18:45,279 [INFO] okx_trade_fetcher: Fetching trades for BTC-USDT after 1137629264 before None
2026-01-04 02:18:45,513 [INFO] httpx: HTTP Request: GET https://www.okx.com/api/v5/market/history-trades?instId=BTC-USDT&after=1137629264 "HTTP/2 200 OK"
2026-01-04 02:18:45,514 [INFO] okx_trade_fetcher: Fetching trades for BTC-USDT after 1137629164 before None
2026-01-04 02:18:45,713 [INFO] httpx: HTTP Request: GET https://www.okx.com/api/v5/market/history-trades?instId=BTC-USDT&after=1137629164 "HTTP/2 200 OK"
2026-01-04 02:18:45,716 [INFO] file_storage.storage_router: Flushing 2000 BTC-USDT records for 2026-01-03
2026-01-04 02:18:45,716 [INFO] file_storage.storage_writers.local_storage_writer: Saving table to BTC-USDT/2026/1/3.parquet
2026-01-04 02:18:45,717 [INFO] file_storage.storage_router: Clearing buffer for 2026-01-03
2026-01-04 02:18:45,717 [INFO] okx_trade_fetcher: Fetching trades for BTC-USDT after 1137629064 before None
2026-01-04 02:18:45,953 [INFO] httpx: HTTP Request: GET https://www.okx.com/api/v5/market/history-trades?instId=BTC-USDT&after=1137629064 "HTTP/2 200 OK"
2026-01-04 02:18:45,954 [INFO] okx_trade_fetcher: Fetching trades for BTC-USDT after 1137628964 before None
2026-01-04 02:18:46,196 [INFO] httpx: HTTP Request: GET https://www.okx.com/api/v5/market/history-trades?instId=BTC-USDT&after=1137628964 "HTTP/2 200 OK"
2026-01-04 02:18:46,197 [INFO] okx_trade_fetcher: Fetching trades for BTC-USDT after 1137628864 before None
2026-01-04 02:18:46,450 [INFO] httpx: HTTP Request: GET https://www.okx.com/api/v5/market/history-trades?instId=BTC-USDT&after=1137628864 "HTTP/2 200 OK"
2026-01-04 02:18:46,450 [INFO] okx_trade_fetcher: Fetching trades for BTC-USDT after 1137628764 before None
2026-01-04 02:18:46,682 [INFO] httpx: HTTP Request: GET https://www.okx.com/api/v5/market/history-trades?instId=BTC-USDT&after=1137628764 "HTTP/2 200 OK"
2026-01-04 02:18:46,683 [INFO] okx_trade_fetcher: Fetching trades for BTC-USDT after 1137628664 before None
2026-01-04 02:18:46,879 [INFO] httpx: HTTP Request: GET https://www.okx.com/api/v5/market/history-trades?instId=BTC-USDT&after=1137628664 "HTTP/2 200 OK"
2026-01-04 02:18:46,881 [INFO] okx_trade_fetcher: Fetching trades for BTC-USDT after 1137628564 before None
2026-01-04 02:18:47,077 [INFO] httpx: HTTP Request: GET https://www.okx.com/api/v5/market/history-trades?instId=BTC-USDT&after=1137628564 "HTTP/2 200 OK"
2026-01-04 02:18:47,078 [INFO] okx_trade_fetcher: Fetching trades for BTC-USDT after 1137628464 before None
2026-01-04 02:18:47,322 [INFO] httpx: HTTP Request: GET https://www.okx.com/api/v5/market/history-trades?instId=BTC-USDT&after=1137628464 "HTTP/2 200 OK"
2026-01-04 02:18:47,323 [INFO] okx_trade_fetcher: Fetching trades for BTC-USDT after 1137628364 before None
2026-01-04 02:18:47,563 [INFO] httpx: HTTP Request: GET https://www.okx.com/api/v5/market/history-trades?instId=BTC-USDT&after=1137628364 "HTTP/2 200 OK"
2026-01-04 02:18:47,564 [INFO] okx_trade_fetcher: Fetching trades for BTC-USDT after 1137628264 before None
2026-01-04 02:18:47,758 [INFO] httpx: HTTP Request: GET https://www.okx.com/api/v5/market/history-trades?instId=BTC-USDT&after=1137628264 "HTTP/2 200 OK"
2026-01-04 02:18:47,759 [INFO] okx_trade_fetcher: Fetching trades for BTC-USDT after 1137628164 before None
2026-01-04 02:18:47,959 [INFO] httpx: HTTP Request: GET https://www.okx.com/api/v5/market/history-trades?instId=BTC-USDT&after=1137628164 "HTTP/2 200 OK"
2026-01-04 02:18:47,960 [INFO] okx_trade_fetcher: Fetching trades for BTC-USDT after 1137628064 before None
2026-01-04 02:18:48,202 [INFO] httpx: HTTP Request: GET https://www.okx.com/api/v5/market/history-trades?instId=BTC-USDT&after=1137628064 "HTTP/2 200 OK"
2026-01-04 02:18:48,203 [INFO] okx_trade_fetcher: Fetching trades for BTC-USDT after 1137627964 before None
2026-01-04 02:18:48,441 [INFO] httpx: HTTP Request: GET https://www.okx.com/api/v5/market/history-trades?instId=BTC-USDT&after=1137627964 "HTTP/2 200 OK"
2026-01-04 02:18:48,442 [INFO] okx_trade_fetcher: Fetching trades for BTC-USDT after 1137627864 before None
2026-01-04 02:18:48,641 [INFO] httpx: HTTP Request: GET https://www.okx.com/api/v5/market/history-trades?instId=BTC-USDT&after=1137627864 "HTTP/2 200 OK"
2026-01-04 02:18:48,642 [INFO] okx_trade_fetcher: Fetching trades for BTC-USDT after 1137627764 before None
2026-01-04 02:18:48,873 [INFO] httpx: HTTP Request: GET https://www.okx.com/api/v5/market/history-trades?instId=BTC-USDT&after=1137627764 "HTTP/2 200 OK"
2026-01-04 02:18:48,874 [INFO] okx_trade_fetcher: Fetching trades for BTC-USDT after 1137627664 before None
2026-01-04 02:18:49,115 [INFO] httpx: HTTP Request: GET https://www.okx.com/api/v5/market/history-trades?instId=BTC-USDT&after=1137627664 "HTTP/2 200 OK"
2026-01-04 02:18:49,117 [INFO] okx_trade_fetcher: Fetching trades for BTC-USDT after 1137627564 before None
2026-01-04 02:18:49,361 [INFO] httpx: HTTP Request: GET https://www.okx.com/api/v5/market/history-trades?instId=BTC-USDT&after=1137627564 "HTTP/2 200 OK"
2026-01-04 02:18:49,362 [INFO] okx_trade_fetcher: Fetching trades for BTC-USDT after 1137627464 before None
2026-01-04 02:18:49,601 [INFO] httpx: HTTP Request: GET https://www.okx.com/api/v5/market/history-trades?instId=BTC-USDT&after=1137627464 "HTTP/2 200 OK"
2026-01-04 02:18:49,602 [INFO] okx_trade_fetcher: Fetching trades for BTC-USDT after 1137627364 before None
2026-01-04 02:18:49,840 [INFO] httpx: HTTP Request: GET https://www.okx.com/api/v5/market/history-trades?instId=BTC-USDT&after=1137627364 "HTTP/2 200 OK"
2026-01-04 02:18:49,841 [INFO] okx_trade_fetcher: Fetching trades for BTC-USDT after 1137627264 before None
2026-01-04 02:18:50,091 [INFO] httpx: HTTP Request: GET https://www.okx.com/api/v5/market/history-trades?instId=BTC-USDT&after=1137627264 "HTTP/2 200 OK"
2026-01-04 02:18:50,093 [INFO] okx_trade_fetcher: Fetching trades for BTC-USDT after 1137627164 before None
2026-01-04 02:18:50,325 [INFO] httpx: HTTP Request: GET https://www.okx.com/api/v5/market/history-trades?instId=BTC-USDT&after=1137627164 "HTTP/2 200 OK"
2026-01-04 02:18:50,328 [INFO] file_storage.storage_router: Flushing 2000 BTC-USDT records for 2026-01-03
2026-01-04 02:18:50,328 [INFO] file_storage.storage_writers.local_storage_writer: Saving table to BTC-USDT/2026/1/3.parquet
2026-01-04 02:18:50,329 [INFO] file_storage.storage_router: Clearing buffer for 2026-01-03
2026-01-04 02:18:50,329 [INFO] okx_trade_fetcher: Fetching trades for BTC-USDT after 1137627064 before None
2026-01-04 02:18:50,562 [INFO] httpx: HTTP Request: GET https://www.okx.com/api/v5/market/history-trades?instId=BTC-USDT&after=1137627064 "HTTP/2 200 OK"
2026-01-04 02:18:50,563 [INFO] okx_trade_fetcher: Fetching trades for BTC-USDT after 1137626964 before None
2026-01-04 02:18:50,761 [INFO] httpx: HTTP Request: GET https://www.okx.com/api/v5/market/history-trades?instId=BTC-USDT&after=1137626964 "HTTP/2 200 OK"
2026-01-04 02:18:50,762 [INFO] okx_trade_fetcher: Fetching trades for BTC-USDT after 1137626864 before None
2026-01-04 02:18:51,005 [INFO] httpx: HTTP Request: GET https://www.okx.com/api/v5/market/history-trades?instId=BTC-USDT&after=1137626864 "HTTP/2 200 OK"
2026-01-04 02:18:51,006 [INFO] okx_trade_fetcher: Fetching trades for BTC-USDT after 1137626764 before None
2026-01-04 02:18:51,238 [INFO] httpx: HTTP Request: GET https://www.okx.com/api/v5/market/history-trades?instId=BTC-USDT&after=1137626764 "HTTP/2 200 OK"
2026-01-04 02:18:51,239 [INFO] okx_trade_fetcher: Fetching trades for BTC-USDT after 1137626664 before None
2026-01-04 02:18:51,486 [INFO] httpx: HTTP Request: GET https://www.okx.com/api/v5/market/history-trades?instId=BTC-USDT&after=1137626664 "HTTP/2 200 OK"
2026-01-04 02:18:51,487 [INFO] okx_trade_fetcher: Fetching trades for BTC-USDT after 1137626564 before None
2026-01-04 02:18:51,727 [INFO] httpx: HTTP Request: GET https://www.okx.com/api/v5/market/history-trades?instId=BTC-USDT&after=1137626564 "HTTP/2 200 OK"
2026-01-04 02:18:51,728 [INFO] okx_trade_fetcher: Fetching trades for BTC-USDT after 1137626464 before None
2026-01-04 02:18:51,967 [INFO] httpx: HTTP Request: GET https://www.okx.com/api/v5/market/history-trades?instId=BTC-USDT&after=1137626464 "HTTP/2 200 OK"
2026-01-04 02:18:51,969 [INFO] okx_trade_fetcher: Fetching trades for BTC-USDT after 1137626364 before None
2026-01-04 02:18:52,211 [INFO] httpx: HTTP Request: GET https://www.okx.com/api/v5/market/history-trades?instId=BTC-USDT&after=1137626364 "HTTP/2 200 OK"
2026-01-04 02:18:52,212 [INFO] okx_trade_fetcher: Fetching trades for BTC-USDT after 1137626264 before None
2026-01-04 02:18:52,450 [INFO] httpx: HTTP Request: GET https://www.okx.com/api/v5/market/history-trades?instId=BTC-USDT&after=1137626264 "HTTP/2 200 OK"
2026-01-04 02:18:52,451 [INFO] okx_trade_fetcher: Fetching trades for BTC-USDT after 1137626164 before None
2026-01-04 02:18:52,687 [INFO] httpx: HTTP Request: GET https://www.okx.com/api/v5/market/history-trades?instId=BTC-USDT&after=1137626164 "HTTP/2 200 OK"
2026-01-04 02:18:52,688 [INFO] okx_trade_fetcher: Fetching trades for BTC-USDT after 1137626064 before None
2026-01-04 02:18:52,944 [INFO] httpx: HTTP Request: GET https://www.okx.com/api/v5/market/history-trades?instId=BTC-USDT&after=1137626064 "HTTP/2 200 OK"
2026-01-04 02:18:52,945 [INFO] okx_trade_fetcher: Fetching trades for BTC-USDT after 1137625964 before None
2026-01-04 02:18:53,142 [INFO] httpx: HTTP Request: GET https://www.okx.com/api/v5/market/history-trades?instId=BTC-USDT&after=1137625964 "HTTP/2 200 OK"
2026-01-04 02:18:53,144 [INFO] okx_trade_fetcher: Fetching trades for BTC-USDT after 1137625864 before None
2026-01-04 02:18:53,393 [INFO] httpx: HTTP Request: GET https://www.okx.com/api/v5/market/history-trades?instId=BTC-USDT&after=1137625864 "HTTP/2 200 OK"
2026-01-04 02:18:53,394 [INFO] okx_trade_fetcher: Fetching trades for BTC-USDT after 1137625764 before None
2026-01-04 02:18:53,626 [INFO] httpx: HTTP Request: GET https://www.okx.com/api/v5/market/history-trades?instId=BTC-USDT&after=1137625764 "HTTP/2 200 OK"
2026-01-04 02:18:53,627 [INFO] okx_trade_fetcher: Fetching trades for BTC-USDT after 1137625664 before None
2026-01-04 02:18:53,861 [INFO] httpx: HTTP Request: GET https://www.okx.com/api/v5/market/history-trades?instId=BTC-USDT&after=1137625664 "HTTP/2 200 OK"
2026-01-04 02:18:53,862 [INFO] okx_trade_fetcher: Fetching trades for BTC-USDT after 1137625564 before None
2026-01-04 02:18:54,104 [INFO] httpx: HTTP Request: GET https://www.okx.com/api/v5/market/history-trades?instId=BTC-USDT&after=1137625564 "HTTP/2 200 OK"
2026-01-04 02:18:54,105 [INFO] okx_trade_fetcher: Fetching trades for BTC-USDT after 1137625464 before None
2026-01-04 02:18:54,303 [INFO] httpx: HTTP Request: GET https://www.okx.com/api/v5/market/history-trades?instId=BTC-USDT&after=1137625464 "HTTP/2 200 OK"
2026-01-04 02:18:54,304 [INFO] okx_trade_fetcher: Fetching trades for BTC-USDT after 1137625364 before None
2026-01-04 02:18:54,503 [INFO] httpx: HTTP Request: GET https://www.okx.com/api/v5/market/history-trades?instId=BTC-USDT&after=1137625364 "HTTP/2 200 OK"
2026-01-04 02:18:54,504 [INFO] okx_trade_fetcher: Fetching trades for BTC-USDT after 1137625264 before None
2026-01-04 02:18:54,750 [INFO] httpx: HTTP Request: GET https://www.okx.com/api/v5/market/history-trades?instId=BTC-USDT&after=1137625264 "HTTP/2 200 OK"
2026-01-04 02:18:54,751 [INFO] okx_trade_fetcher: Fetching trades for BTC-USDT after 1137625164 before None
2026-01-04 02:18:54,980 [INFO] httpx: HTTP Request: GET https://www.okx.com/api/v5/market/history-trades?instId=BTC-USDT&after=1137625164 "HTTP/2 200 OK"
2026-01-04 02:18:54,983 [INFO] file_storage.storage_router: Flushing 2000 BTC-USDT records for 2026-01-03
2026-01-04 02:18:54,983 [INFO] file_storage.storage_writers.local_storage_writer: Saving table to BTC-USDT/2026/1/3.parquet
2026-01-04 02:18:54,984 [INFO] file_storage.storage_router: Clearing buffer for 2026-01-03
2026-01-04 02:18:54,984 [INFO] okx_trade_fetcher: Fetching trades for BTC-USDT after 1137625064 before None
2026-01-04 02:18:55,232 [INFO] httpx: HTTP Request: GET https://www.okx.com/api/v5/market/history-trades?instId=BTC-USDT&after=1137625064 "HTTP/2 200 OK"
2026-01-04 02:18:55,233 [INFO] okx_trade_fetcher: Fetching trades for BTC-USDT after 1137624964 before None
2026-01-04 02:18:55,474 [INFO] httpx: HTTP Request: GET https://www.okx.com/api/v5/market/history-trades?instId=BTC-USDT&after=1137624964 "HTTP/2 200 OK"
2026-01-04 02:18:55,474 [INFO] okx_trade_fetcher: Fetching trades for BTC-USDT after 1137624864 before None
2026-01-04 02:18:55,714 [INFO] httpx: HTTP Request: GET https://www.okx.com/api/v5/market/history-trades?instId=BTC-USDT&after=1137624864 "HTTP/2 200 OK"
2026-01-04 02:18:55,715 [INFO] okx_trade_fetcher: Fetching trades for BTC-USDT after 1137624764 before None
2026-01-04 02:18:55,955 [INFO] httpx: HTTP Request: GET https://www.okx.com/api/v5/market/history-trades?instId=BTC-USDT&after=1137624764 "HTTP/2 200 OK"
2026-01-04 02:18:55,957 [INFO] okx_trade_fetcher: Fetching trades for BTC-USDT after 1137624664 before None
2026-01-04 02:18:56,197 [INFO] httpx: HTTP Request: GET https://www.okx.com/api/v5/market/history-trades?instId=BTC-USDT&after=1137624664 "HTTP/2 200 OK"
2026-01-04 02:18:56,198 [INFO] okx_trade_fetcher: Fetching trades for BTC-USDT after 1137624564 before None
2026-01-04 02:18:56,429 [INFO] httpx: HTTP Request: GET https://www.okx.com/api/v5/market/history-trades?instId=BTC-USDT&after=1137624564 "HTTP/2 200 OK"
2026-01-04 02:18:56,430 [INFO] okx_trade_fetcher: Fetching trades for BTC-USDT after 1137624464 before None
2026-01-04 02:18:56,672 [INFO] httpx: HTTP Request: GET https://www.okx.com/api/v5/market/history-trades?instId=BTC-USDT&after=1137624464 "HTTP/2 200 OK"
2026-01-04 02:18:56,673 [INFO] okx_trade_fetcher: Fetching trades for BTC-USDT after 1137624364 before None
2026-01-04 02:18:56,915 [INFO] httpx: HTTP Request: GET https://www.okx.com/api/v5/market/history-trades?instId=BTC-USDT&after=1137624364 "HTTP/2 200 OK"
2026-01-04 02:18:56,916 [INFO] okx_trade_fetcher: Fetching trades for BTC-USDT after 1137624264 before None
2026-01-04 02:18:57,156 [INFO] httpx: HTTP Request: GET https://www.okx.com/api/v5/market/history-trades?instId=BTC-USDT&after=1137624264 "HTTP/2 200 OK"
2026-01-04 02:18:57,157 [INFO] okx_trade_fetcher: Fetching trades for BTC-USDT after 1137624164 before None
2026-01-04 02:18:57,402 [INFO] httpx: HTTP Request: GET https://www.okx.com/api/v5/market/history-trades?instId=BTC-USDT&after=1137624164 "HTTP/2 200 OK"
2026-01-04 02:18:57,402 [INFO] okx_trade_fetcher: Fetching trades for BTC-USDT after 1137624064 before None
2026-01-04 02:18:57,650 [INFO] httpx: HTTP Request: GET https://www.okx.com/api/v5/market/history-trades?instId=BTC-USDT&after=1137624064 "HTTP/2 200 OK"
2026-01-04 02:18:57,650 [INFO] okx_trade_fetcher: Fetching trades for BTC-USDT after 1137623964 before None
2026-01-04 02:18:57,848 [INFO] httpx: HTTP Request: GET https://www.okx.com/api/v5/market/history-trades?instId=BTC-USDT&after=1137623964 "HTTP/2 200 OK"
2026-01-04 02:18:57,849 [INFO] okx_trade_fetcher: Fetching trades for BTC-USDT after 1137623864 before None
2026-01-04 02:18:58,060 [INFO] httpx: HTTP Request: GET https://www.okx.com/api/v5/market/history-trades?instId=BTC-USDT&after=1137623864 "HTTP/2 200 OK"
2026-01-04 02:18:58,061 [INFO] okx_trade_fetcher: Fetching trades for BTC-USDT after 1137623764 before None
2026-01-04 02:18:58,309 [INFO] httpx: HTTP Request: GET https://www.okx.com/api/v5/market/history-trades?instId=BTC-USDT&after=1137623764 "HTTP/2 200 OK"
2026-01-04 02:18:58,310 [INFO] okx_trade_fetcher: Fetching trades for BTC-USDT after 1137623664 before None
2026-01-04 02:18:58,503 [INFO] httpx: HTTP Request: GET https://www.okx.com/api/v5/market/history-trades?instId=BTC-USDT&after=1137623664 "HTTP/2 200 OK"
2026-01-04 02:18:58,505 [INFO] okx_trade_fetcher: Fetching trades for BTC-USDT after 1137623564 before None
2026-01-04 02:18:58,744 [INFO] httpx: HTTP Request: GET https://www.okx.com/api/v5/market/history-trades?instId=BTC-USDT&after=1137623564 "HTTP/2 200 OK"
2026-01-04 02:18:58,745 [INFO] okx_trade_fetcher: Fetching trades for BTC-USDT after 1137623464 before None
2026-01-04 02:18:58,979 [INFO] httpx: HTTP Request: GET https://www.okx.com/api/v5/market/history-trades?instId=BTC-USDT&after=1137623464 "HTTP/2 200 OK"
2026-01-04 02:18:58,980 [INFO] okx_trade_fetcher: Fetching trades for BTC-USDT after 1137623364 before None
2026-01-04 02:18:59,221 [INFO] httpx: HTTP Request: GET https://www.okx.com/api/v5/market/history-trades?instId=BTC-USDT&after=1137623364 "HTTP/2 200 OK"
2026-01-04 02:18:59,222 [INFO] okx_trade_fetcher: Fetching trades for BTC-USDT after 1137623264 before None
2026-01-04 02:18:59,463 [INFO] httpx: HTTP Request: GET https://www.okx.com/api/v5/market/history-trades?instId=BTC-USDT&after=1137623264 "HTTP/2 200 OK"
2026-01-04 02:18:59,463 [INFO] okx_trade_fetcher: Fetching trades for BTC-USDT after 1137623164 before None
2026-01-04 02:18:59,732 [INFO] httpx: HTTP Request: GET https://www.okx.com/api/v5/market/history-trades?instId=BTC-USDT&after=1137623164 "HTTP/2 200 OK"
2026-01-04 02:18:59,733 [INFO] file_storage.storage_router: Flushing 2000 BTC-USDT records for 2026-01-03
2026-01-04 02:18:59,733 [INFO] file_storage.storage_writers.local_storage_writer: Saving table to BTC-USDT/2026/1/3.parquet
2026-01-04 02:18:59,734 [INFO] file_storage.storage_router: Clearing buffer for 2026-01-03
2026-01-04 02:18:59,734 [INFO] okx_trade_fetcher: Fetching trades for BTC-USDT after 1137623064 before None
2026-01-04 02:18:59,932 [INFO] httpx: HTTP Request: GET https://www.okx.com/api/v5/market/history-trades?instId=BTC-USDT&after=1137623064 "HTTP/2 200 OK"
2026-01-04 02:18:59,933 [INFO] okx_trade_fetcher: Fetching trades for BTC-USDT after 1137622964 before None
2026-01-04 02:19:00,174 [INFO] httpx: HTTP Request: GET https://www.okx.com/api/v5/market/history-trades?instId=BTC-USDT&after=1137622964 "HTTP/2 200 OK"
2026-01-04 02:19:00,175 [INFO] okx_trade_fetcher: Fetching trades for BTC-USDT after 1137622864 before None
2026-01-04 02:19:00,419 [INFO] httpx: HTTP Request: GET https://www.okx.com/api/v5/market/history-trades?instId=BTC-USDT&after=1137622864 "HTTP/2 200 OK"
2026-01-04 02:19:00,421 [INFO] okx_trade_fetcher: Fetching trades for BTC-USDT after 1137622764 before None
2026-01-04 02:19:00,661 [INFO] httpx: HTTP Request: GET https://www.okx.com/api/v5/market/history-trades?instId=BTC-USDT&after=1137622764 "HTTP/2 200 OK"
2026-01-04 02:19:00,663 [INFO] okx_trade_fetcher: Fetching trades for BTC-USDT after 1137622664 before None
2026-01-04 02:19:00,902 [INFO] httpx: HTTP Request: GET https://www.okx.com/api/v5/market/history-trades?instId=BTC-USDT&after=1137622664 "HTTP/2 200 OK"
2026-01-04 02:19:00,903 [INFO] okx_trade_fetcher: Fetching trades for BTC-USDT after 1137622564 before None
2026-01-04 02:19:01,133 [INFO] httpx: HTTP Request: GET https://www.okx.com/api/v5/market/history-trades?instId=BTC-USDT&after=1137622564 "HTTP/2 200 OK"
2026-01-04 02:19:01,134 [INFO] okx_trade_fetcher: Fetching trades for BTC-USDT after 1137622464 before None
2026-01-04 02:19:01,328 [INFO] httpx: HTTP Request: GET https://www.okx.com/api/v5/market/history-trades?instId=BTC-USDT&after=1137622464 "HTTP/2 200 OK"
2026-01-04 02:19:01,329 [INFO] okx_trade_fetcher: Fetching trades for BTC-USDT after 1137622364 before None
2026-01-04 02:19:01,572 [INFO] httpx: HTTP Request: GET https://www.okx.com/api/v5/market/history-trades?instId=BTC-USDT&after=1137622364 "HTTP/2 200 OK"
2026-01-04 02:19:01,573 [INFO] okx_trade_fetcher: Fetching trades for BTC-USDT after 1137622264 before None
2026-01-04 02:19:01,804 [INFO] httpx: HTTP Request: GET https://www.okx.com/api/v5/market/history-trades?instId=BTC-USDT&after=1137622264 "HTTP/2 200 OK"
2026-01-04 02:19:01,804 [INFO] okx_trade_fetcher: Fetching trades for BTC-USDT after 1137622164 before None
2026-01-04 02:19:02,043 [INFO] httpx: HTTP Request: GET https://www.okx.com/api/v5/market/history-trades?instId=BTC-USDT&after=1137622164 "HTTP/2 200 OK"
2026-01-04 02:19:02,044 [INFO] okx_trade_fetcher: Fetching trades for BTC-USDT after 1137622064 before None
2026-01-04 02:19:02,238 [INFO] httpx: HTTP Request: GET https://www.okx.com/api/v5/market/history-trades?instId=BTC-USDT&after=1137622064 "HTTP/2 200 OK"
2026-01-04 02:19:02,239 [INFO] okx_trade_fetcher: Fetching trades for BTC-USDT after 1137621964 before None
2026-01-04 02:19:02,480 [INFO] httpx: HTTP Request: GET https://www.okx.com/api/v5/market/history-trades?instId=BTC-USDT&after=1137621964 "HTTP/2 200 OK"
2026-01-04 02:19:02,481 [INFO] okx_trade_fetcher: Fetching trades for BTC-USDT after 1137621864 before None
2026-01-04 02:19:02,714 [INFO] httpx: HTTP Request: GET https://www.okx.com/api/v5/market/history-trades?instId=BTC-USDT&after=1137621864 "HTTP/2 200 OK"
2026-01-04 02:19:02,715 [INFO] okx_trade_fetcher: Fetching trades for BTC-USDT after 1137621764 before None
2026-01-04 02:19:02,955 [INFO] httpx: HTTP Request: GET https://www.okx.com/api/v5/market/history-trades?instId=BTC-USDT&after=1137621764 "HTTP/2 200 OK"
2026-01-04 02:19:02,956 [INFO] okx_trade_fetcher: Fetching trades for BTC-USDT after 1137621664 before None
2026-01-04 02:19:03,210 [INFO] httpx: HTTP Request: GET https://www.okx.com/api/v5/market/history-trades?instId=BTC-USDT&after=1137621664 "HTTP/2 200 OK"
2026-01-04 02:19:03,212 [INFO] okx_trade_fetcher: Fetching trades for BTC-USDT after 1137621564 before None
2026-01-04 02:19:03,451 [INFO] httpx: HTTP Request: GET https://www.okx.com/api/v5/market/history-trades?instId=BTC-USDT&after=1137621564 "HTTP/2 200 OK"
2026-01-04 02:19:03,452 [INFO] okx_trade_fetcher: Fetching trades for BTC-USDT after 1137621464 before None
2026-01-04 02:19:03,646 [INFO] httpx: HTTP Request: GET https://www.okx.com/api/v5/market/history-trades?instId=BTC-USDT&after=1137621464 "HTTP/2 200 OK"
2026-01-04 02:19:03,647 [INFO] okx_trade_fetcher: Fetching trades for BTC-USDT after 1137621364 before None
2026-01-04 02:19:03,880 [INFO] httpx: HTTP Request: GET https://www.okx.com/api/v5/market/history-trades?instId=BTC-USDT&after=1137621364 "HTTP/2 200 OK"
2026-01-04 02:19:03,881 [INFO] okx_trade_fetcher: Fetching trades for BTC-USDT after 1137621264 before None
2026-01-04 02:19:04,122 [INFO] httpx: HTTP Request: GET https://www.okx.com/api/v5/market/history-trades?instId=BTC-USDT&after=1137621264 "HTTP/2 200 OK"
2026-01-04 02:19:04,123 [INFO] okx_trade_fetcher: Fetching trades for BTC-USDT after 1137621164 before None
2026-01-04 02:19:04,317 [INFO] httpx: HTTP Request: GET https://www.okx.com/api/v5/market/history-trades?instId=BTC-USDT&after=1137621164 "HTTP/2 200 OK"
2026-01-04 02:19:04,321 [INFO] file_storage.storage_router: Flushing 2000 BTC-USDT records for 2026-01-03
2026-01-04 02:19:04,321 [INFO] file_storage.storage_writers.local_storage_writer: Saving table to BTC-USDT/2026/1/3.parquet
2026-01-04 02:19:04,322 [INFO] file_storage.storage_router: Clearing buffer for 2026-01-03
2026-01-04 02:19:04,322 [INFO] okx_trade_fetcher: Fetching trades for BTC-USDT after 1137621064 before None
2026-01-04 02:19:04,553 [INFO] httpx: HTTP Request: GET https://www.okx.com/api/v5/market/history-trades?instId=BTC-USDT&after=1137621064 "HTTP/2 200 OK"
2026-01-04 02:19:04,554 [INFO] okx_trade_fetcher: Fetching trades for BTC-USDT after 1137620964 before None
2026-01-04 02:19:04,785 [INFO] httpx: HTTP Request: GET https://www.okx.com/api/v5/market/history-trades?instId=BTC-USDT&after=1137620964 "HTTP/2 200 OK"
2026-01-04 02:19:04,786 [INFO] okx_trade_fetcher: Fetching trades for BTC-USDT after 1137620864 before None
2026-01-04 02:19:05,027 [INFO] httpx: HTTP Request: GET https://www.okx.com/api/v5/market/history-trades?instId=BTC-USDT&after=1137620864 "HTTP/2 200 OK"
2026-01-04 02:19:05,028 [INFO] okx_trade_fetcher: Fetching trades for BTC-USDT after 1137620764 before None
2026-01-04 02:19:05,275 [INFO] httpx: HTTP Request: GET https://www.okx.com/api/v5/market/history-trades?instId=BTC-USDT&after=1137620764 "HTTP/2 200 OK"
2026-01-04 02:19:05,276 [INFO] okx_trade_fetcher: Fetching trades for BTC-USDT after 1137620664 before None
2026-01-04 02:19:05,517 [INFO] httpx: HTTP Request: GET https://www.okx.com/api/v5/market/history-trades?instId=BTC-USDT&after=1137620664 "HTTP/2 200 OK"
2026-01-04 02:19:05,518 [INFO] okx_trade_fetcher: Fetching trades for BTC-USDT after 1137620564 before None
2026-01-04 02:19:05,758 [INFO] httpx: HTTP Request: GET https://www.okx.com/api/v5/market/history-trades?instId=BTC-USDT&after=1137620564 "HTTP/2 200 OK"
2026-01-04 02:19:05,760 [INFO] okx_trade_fetcher: Fetching trades for BTC-USDT after 1137620464 before None
2026-01-04 02:19:06,007 [INFO] httpx: HTTP Request: GET https://www.okx.com/api/v5/market/history-trades?instId=BTC-USDT&after=1137620464 "HTTP/2 200 OK"
2026-01-04 02:19:06,008 [INFO] okx_trade_fetcher: Fetching trades for BTC-USDT after 1137620364 before None
2026-01-04 02:19:06,248 [INFO] httpx: HTTP Request: GET https://www.okx.com/api/v5/market/history-trades?instId=BTC-USDT&after=1137620364 "HTTP/2 200 OK"
2026-01-04 02:19:06,249 [INFO] okx_trade_fetcher: Fetching trades for BTC-USDT after 1137620264 before None
2026-01-04 02:19:06,459 [INFO] httpx: HTTP Request: GET https://www.okx.com/api/v5/market/history-trades?instId=BTC-USDT&after=1137620264 "HTTP/2 200 OK"
2026-01-04 02:19:06,460 [INFO] okx_trade_fetcher: Fetching trades for BTC-USDT after 1137620164 before None
2026-01-04 02:19:06,701 [INFO] httpx: HTTP Request: GET https://www.okx.com/api/v5/market/history-trades?instId=BTC-USDT&after=1137620164 "HTTP/2 200 OK"
2026-01-04 02:19:06,701 [INFO] okx_trade_fetcher: Fetching trades for BTC-USDT after 1137620064 before None
2026-01-04 02:19:06,896 [INFO] httpx: HTTP Request: GET https://www.okx.com/api/v5/market/history-trades?instId=BTC-USDT&after=1137620064 "HTTP/2 200 OK"
2026-01-04 02:19:06,897 [INFO] okx_trade_fetcher: Fetching trades for BTC-USDT after 1137619964 before None
2026-01-04 02:19:07,093 [INFO] httpx: HTTP Request: GET https://www.okx.com/api/v5/market/history-trades?instId=BTC-USDT&after=1137619964 "HTTP/2 200 OK"
2026-01-04 02:19:07,095 [INFO] okx_trade_fetcher: Fetching trades for BTC-USDT after 1137619864 before None
2026-01-04 02:19:07,345 [INFO] httpx: HTTP Request: GET https://www.okx.com/api/v5/market/history-trades?instId=BTC-USDT&after=1137619864 "HTTP/2 200 OK"
2026-01-04 02:19:07,347 [INFO] okx_trade_fetcher: Fetching trades for BTC-USDT after 1137619764 before None
2026-01-04 02:19:07,587 [INFO] httpx: HTTP Request: GET https://www.okx.com/api/v5/market/history-trades?instId=BTC-USDT&after=1137619764 "HTTP/2 200 OK"
2026-01-04 02:19:07,588 [INFO] okx_trade_fetcher: Fetching trades for BTC-USDT after 1137619664 before None
2026-01-04 02:19:07,821 [INFO] httpx: HTTP Request: GET https://www.okx.com/api/v5/market/history-trades?instId=BTC-USDT&after=1137619664 "HTTP/2 200 OK"
2026-01-04 02:19:07,823 [INFO] okx_trade_fetcher: Fetching trades for BTC-USDT after 1137619564 before None
2026-01-04 02:19:08,070 [INFO] httpx: HTTP Request: GET https://www.okx.com/api/v5/market/history-trades?instId=BTC-USDT&after=1137619564 "HTTP/2 200 OK"
2026-01-04 02:19:08,071 [INFO] okx_trade_fetcher: Fetching trades for BTC-USDT after 1137619464 before None
2026-01-04 02:19:08,324 [INFO] httpx: HTTP Request: GET https://www.okx.com/api/v5/market/history-trades?instId=BTC-USDT&after=1137619464 "HTTP/2 200 OK"
2026-01-04 02:19:08,326 [INFO] okx_trade_fetcher: Fetching trades for BTC-USDT after 1137619364 before None
2026-01-04 02:19:08,558 [INFO] httpx: HTTP Request: GET https://www.okx.com/api/v5/market/history-trades?instId=BTC-USDT&after=1137619364 "HTTP/2 200 OK"
2026-01-04 02:19:08,558 [INFO] okx_trade_fetcher: Fetching trades for BTC-USDT after 1137619264 before None
2026-01-04 02:19:08,805 [INFO] httpx: HTTP Request: GET https://www.okx.com/api/v5/market/history-trades?instId=BTC-USDT&after=1137619264 "HTTP/2 200 OK"
2026-01-04 02:19:08,806 [INFO] okx_trade_fetcher: Fetching trades for BTC-USDT after 1137619164 before None
2026-01-04 02:19:09,050 [INFO] httpx: HTTP Request: GET https://www.okx.com/api/v5/market/history-trades?instId=BTC-USDT&after=1137619164 "HTTP/2 200 OK"
2026-01-04 02:19:09,053 [INFO] file_storage.storage_router: Flushing 2000 BTC-USDT records for 2026-01-03
2026-01-04 02:19:09,053 [INFO] file_storage.storage_writers.local_storage_writer: Saving table to BTC-USDT/2026/1/3.parquet
2026-01-04 02:19:09,054 [INFO] file_storage.storage_router: Clearing buffer for 2026-01-03
2026-01-04 02:19:09,054 [INFO] okx_trade_fetcher: Fetching trades for BTC-USDT after 1137619064 before None
2026-01-04 02:19:09,293 [INFO] httpx: HTTP Request: GET https://www.okx.com/api/v5/market/history-trades?instId=BTC-USDT&after=1137619064 "HTTP/2 200 OK"
2026-01-04 02:19:09,294 [INFO] okx_trade_fetcher: Fetching trades for BTC-USDT after 1137618964 before None
2026-01-04 02:19:09,526 [INFO] httpx: HTTP Request: GET https://www.okx.com/api/v5/market/history-trades?instId=BTC-USDT&after=1137618964 "HTTP/2 200 OK"
2026-01-04 02:19:09,527 [INFO] okx_trade_fetcher: Fetching trades for BTC-USDT after 1137618864 before None
2026-01-04 02:19:09,776 [INFO] httpx: HTTP Request: GET https://www.okx.com/api/v5/market/history-trades?instId=BTC-USDT&after=1137618864 "HTTP/2 200 OK"
2026-01-04 02:19:09,777 [INFO] okx_trade_fetcher: Fetching trades for BTC-USDT after 1137618764 before None
2026-01-04 02:19:13,593 [INFO] httpx: HTTP Request: GET https://www.okx.com/api/v5/market/history-trades?instId=BTC-USDT&after=1137618764 "HTTP/2 200 OK"
2026-01-04 02:19:13,594 [INFO] okx_trade_fetcher: Fetching trades for BTC-USDT after 1137618664 before None
2026-01-04 02:19:13,793 [INFO] httpx: HTTP Request: GET https://www.okx.com/api/v5/market/history-trades?instId=BTC-USDT&after=1137618664 "HTTP/2 200 OK"
2026-01-04 02:19:13,794 [INFO] okx_trade_fetcher: Fetching trades for BTC-USDT after 1137618564 before None
2026-01-04 02:19:14,039 [INFO] httpx: HTTP Request: GET https://www.okx.com/api/v5/market/history-trades?instId=BTC-USDT&after=1137618564 "HTTP/2 200 OK"
2026-01-04 02:19:14,040 [INFO] okx_trade_fetcher: Fetching trades for BTC-USDT after 1137618464 before None
2026-01-04 02:19:14,272 [INFO] httpx: HTTP Request: GET https://www.okx.com/api/v5/market/history-trades?instId=BTC-USDT&after=1137618464 "HTTP/2 200 OK"
2026-01-04 02:19:14,273 [INFO] okx_trade_fetcher: Fetching trades for BTC-USDT after 1137618364 before None
2026-01-04 02:19:14,520 [INFO] httpx: HTTP Request: GET https://www.okx.com/api/v5/market/history-trades?instId=BTC-USDT&after=1137618364 "HTTP/2 200 OK"
2026-01-04 02:19:14,521 [INFO] okx_trade_fetcher: Fetching trades for BTC-USDT after 1137618264 before None
2026-01-04 02:19:14,764 [INFO] httpx: HTTP Request: GET https://www.okx.com/api/v5/market/history-trades?instId=BTC-USDT&after=1137618264 "HTTP/2 200 OK"
2026-01-04 02:19:14,765 [INFO] okx_trade_fetcher: Fetching trades for BTC-USDT after 1137618164 before None
2026-01-04 02:19:15,020 [INFO] httpx: HTTP Request: GET https://www.okx.com/api/v5/market/history-trades?instId=BTC-USDT&after=1137618164 "HTTP/2 200 OK"
2026-01-04 02:19:15,021 [INFO] okx_trade_fetcher: Fetching trades for BTC-USDT after 1137618064 before None
2026-01-04 02:19:15,262 [INFO] httpx: HTTP Request: GET https://www.okx.com/api/v5/market/history-trades?instId=BTC-USDT&after=1137618064 "HTTP/2 200 OK"
2026-01-04 02:19:15,263 [INFO] okx_trade_fetcher: Fetching trades for BTC-USDT after 1137617964 before None
2026-01-04 02:19:15,511 [INFO] httpx: HTTP Request: GET https://www.okx.com/api/v5/market/history-trades?instId=BTC-USDT&after=1137617964 "HTTP/2 200 OK"
2026-01-04 02:19:15,512 [INFO] okx_trade_fetcher: Fetching trades for BTC-USDT after 1137617864 before None
2026-01-04 02:19:15,709 [INFO] httpx: HTTP Request: GET https://www.okx.com/api/v5/market/history-trades?instId=BTC-USDT&after=1137617864 "HTTP/2 200 OK"
2026-01-04 02:19:15,710 [INFO] okx_trade_fetcher: Fetching trades for BTC-USDT after 1137617764 before None
2026-01-04 02:19:15,905 [INFO] httpx: HTTP Request: GET https://www.okx.com/api/v5/market/history-trades?instId=BTC-USDT&after=1137617764 "HTTP/2 200 OK"
2026-01-04 02:19:15,906 [INFO] okx_trade_fetcher: Fetching trades for BTC-USDT after 1137617664 before None
2026-01-04 02:19:16,145 [INFO] httpx: HTTP Request: GET https://www.okx.com/api/v5/market/history-trades?instId=BTC-USDT&after=1137617664 "HTTP/2 200 OK"
2026-01-04 02:19:16,149 [INFO] okx_trade_fetcher: Fetching trades for BTC-USDT after 1137617564 before None
2026-01-04 02:19:16,390 [INFO] httpx: HTTP Request: GET https://www.okx.com/api/v5/market/history-trades?instId=BTC-USDT&after=1137617564 "HTTP/2 200 OK"
2026-01-04 02:19:16,391 [INFO] okx_trade_fetcher: Fetching trades for BTC-USDT after 1137617464 before None
2026-01-04 02:19:16,634 [INFO] httpx: HTTP Request: GET https://www.okx.com/api/v5/market/history-trades?instId=BTC-USDT&after=1137617464 "HTTP/2 200 OK"
2026-01-04 02:19:16,636 [INFO] okx_trade_fetcher: Fetching trades for BTC-USDT after 1137617364 before None
2026-01-04 02:19:16,876 [INFO] httpx: HTTP Request: GET https://www.okx.com/api/v5/market/history-trades?instId=BTC-USDT&after=1137617364 "HTTP/2 200 OK"
2026-01-04 02:19:16,877 [INFO] okx_trade_fetcher: Fetching trades for BTC-USDT after 1137617264 before None
2026-01-04 02:19:17,077 [INFO] httpx: HTTP Request: GET https://www.okx.com/api/v5/market/history-trades?instId=BTC-USDT&after=1137617264 "HTTP/2 200 OK"
2026-01-04 02:19:17,079 [INFO] okx_trade_fetcher: Fetching trades for BTC-USDT after 1137617164 before None
2026-01-04 02:19:17,276 [INFO] httpx: HTTP Request: GET https://www.okx.com/api/v5/market/history-trades?instId=BTC-USDT&after=1137617164 "HTTP/2 200 OK"
2026-01-04 02:19:17,279 [INFO] file_storage.storage_router: Flushing 2000 BTC-USDT records for 2026-01-03
2026-01-04 02:19:17,280 [INFO] file_storage.storage_writers.local_storage_writer: Saving table to BTC-USDT/2026/1/3.parquet
2026-01-04 02:19:17,280 [INFO] file_storage.storage_router: Clearing buffer for 2026-01-03
2026-01-04 02:19:17,281 [INFO] okx_trade_fetcher: Fetching trades for BTC-USDT after 1137617064 before None
2026-01-04 02:19:17,527 [INFO] httpx: HTTP Request: GET https://www.okx.com/api/v5/market/history-trades?instId=BTC-USDT&after=1137617064 "HTTP/2 200 OK"
2026-01-04 02:19:17,527 [INFO] okx_trade_fetcher: Fetching trades for BTC-USDT after 1137616964 before None
2026-01-04 02:19:17,725 [INFO] httpx: HTTP Request: GET https://www.okx.com/api/v5/market/history-trades?instId=BTC-USDT&after=1137616964 "HTTP/2 200 OK"
2026-01-04 02:19:17,726 [INFO] okx_trade_fetcher: Fetching trades for BTC-USDT after 1137616864 before None
2026-01-04 02:19:17,967 [INFO] httpx: HTTP Request: GET https://www.okx.com/api/v5/market/history-trades?instId=BTC-USDT&after=1137616864 "HTTP/2 200 OK"
2026-01-04 02:19:17,968 [INFO] okx_trade_fetcher: Fetching trades for BTC-USDT after 1137616764 before None
2026-01-04 02:19:18,207 [INFO] httpx: HTTP Request: GET https://www.okx.com/api/v5/market/history-trades?instId=BTC-USDT&after=1137616764 "HTTP/2 200 OK"
2026-01-04 02:19:18,208 [INFO] okx_trade_fetcher: Fetching trades for BTC-USDT after 1137616664 before None
2026-01-04 02:19:18,452 [INFO] httpx: HTTP Request: GET https://www.okx.com/api/v5/market/history-trades?instId=BTC-USDT&after=1137616664 "HTTP/2 200 OK"
2026-01-04 02:19:18,453 [INFO] okx_trade_fetcher: Fetching trades for BTC-USDT after 1137616564 before None
2026-01-04 02:19:18,688 [INFO] httpx: HTTP Request: GET https://www.okx.com/api/v5/market/history-trades?instId=BTC-USDT&after=1137616564 "HTTP/2 200 OK"
2026-01-04 02:19:18,688 [INFO] okx_trade_fetcher: Fetching trades for BTC-USDT after 1137616464 before None
2026-01-04 02:19:18,934 [INFO] httpx: HTTP Request: GET https://www.okx.com/api/v5/market/history-trades?instId=BTC-USDT&after=1137616464 "HTTP/2 200 OK"
2026-01-04 02:19:18,935 [INFO] okx_trade_fetcher: Fetching trades for BTC-USDT after 1137616364 before None
2026-01-04 02:19:19,174 [INFO] httpx: HTTP Request: GET https://www.okx.com/api/v5/market/history-trades?instId=BTC-USDT&after=1137616364 "HTTP/2 200 OK"
2026-01-04 02:19:19,175 [INFO] okx_trade_fetcher: Fetching trades for BTC-USDT after 1137616264 before None
2026-01-04 02:19:19,415 [INFO] httpx: HTTP Request: GET https://www.okx.com/api/v5/market/history-trades?instId=BTC-USDT&after=1137616264 "HTTP/2 200 OK"
2026-01-04 02:19:19,415 [INFO] okx_trade_fetcher: Fetching trades for BTC-USDT after 1137616164 before None
2026-01-04 02:19:19,653 [INFO] httpx: HTTP Request: GET https://www.okx.com/api/v5/market/history-trades?instId=BTC-USDT&after=1137616164 "HTTP/2 200 OK"
2026-01-04 02:19:19,653 [INFO] okx_trade_fetcher: Fetching trades for BTC-USDT after 1137616064 before None
2026-01-04 02:19:19,891 [INFO] httpx: HTTP Request: GET https://www.okx.com/api/v5/market/history-trades?instId=BTC-USDT&after=1137616064 "HTTP/2 200 OK"
2026-01-04 02:19:19,892 [INFO] okx_trade_fetcher: Fetching trades for BTC-USDT after 1137615964 before None
2026-01-04 02:19:20,137 [INFO] httpx: HTTP Request: GET https://www.okx.com/api/v5/market/history-trades?instId=BTC-USDT&after=1137615964 "HTTP/2 200 OK"
2026-01-04 02:19:20,139 [INFO] okx_trade_fetcher: Fetching trades for BTC-USDT after 1137615864 before None
2026-01-04 02:19:20,372 [INFO] httpx: HTTP Request: GET https://www.okx.com/api/v5/market/history-trades?instId=BTC-USDT&after=1137615864 "HTTP/2 200 OK"
2026-01-04 02:19:20,374 [INFO] okx_trade_fetcher: Fetching trades for BTC-USDT after 1137615764 before None
2026-01-04 02:19:20,605 [INFO] httpx: HTTP Request: GET https://www.okx.com/api/v5/market/history-trades?instId=BTC-USDT&after=1137615764 "HTTP/2 200 OK"
2026-01-04 02:19:20,605 [INFO] okx_trade_fetcher: Fetching trades for BTC-USDT after 1137615664 before None
2026-01-04 02:19:20,837 [INFO] httpx: HTTP Request: GET https://www.okx.com/api/v5/market/history-trades?instId=BTC-USDT&after=1137615664 "HTTP/2 200 OK"
2026-01-04 02:19:20,839 [INFO] okx_trade_fetcher: Fetching trades for BTC-USDT after 1137615564 before None
2026-01-04 02:19:21,078 [INFO] httpx: HTTP Request: GET https://www.okx.com/api/v5/market/history-trades?instId=BTC-USDT&after=1137615564 "HTTP/2 200 OK"
2026-01-04 02:19:21,080 [INFO] okx_trade_fetcher: Fetching trades for BTC-USDT after 1137615464 before None
2026-01-04 02:19:21,330 [INFO] httpx: HTTP Request: GET https://www.okx.com/api/v5/market/history-trades?instId=BTC-USDT&after=1137615464 "HTTP/2 200 OK"
2026-01-04 02:19:21,330 [INFO] okx_trade_fetcher: Fetching trades for BTC-USDT after 1137615364 before None
2026-01-04 02:19:21,567 [INFO] httpx: HTTP Request: GET https://www.okx.com/api/v5/market/history-trades?instId=BTC-USDT&after=1137615364 "HTTP/2 200 OK"
2026-01-04 02:19:21,568 [INFO] okx_trade_fetcher: Fetching trades for BTC-USDT after 1137615264 before None
2026-01-04 02:19:21,799 [INFO] httpx: HTTP Request: GET https://www.okx.com/api/v5/market/history-trades?instId=BTC-USDT&after=1137615264 "HTTP/2 200 OK"
2026-01-04 02:19:21,800 [INFO] okx_trade_fetcher: Fetching trades for BTC-USDT after 1137615164 before None
2026-01-04 02:19:22,042 [INFO] httpx: HTTP Request: GET https://www.okx.com/api/v5/market/history-trades?instId=BTC-USDT&after=1137615164 "HTTP/2 200 OK"
2026-01-04 02:19:22,044 [INFO] file_storage.storage_router: Flushing 2000 BTC-USDT records for 2026-01-03
2026-01-04 02:19:22,044 [INFO] file_storage.storage_writers.local_storage_writer: Saving table to BTC-USDT/2026/1/3.parquet
2026-01-04 02:19:22,045 [INFO] file_storage.storage_router: Clearing buffer for 2026-01-03
2026-01-04 02:19:22,045 [INFO] okx_trade_fetcher: Fetching trades for BTC-USDT after 1137615064 before None
2026-01-04 02:19:22,282 [INFO] httpx: HTTP Request: GET https://www.okx.com/api/v5/market/history-trades?instId=BTC-USDT&after=1137615064 "HTTP/2 200 OK"
2026-01-04 02:19:22,283 [INFO] okx_trade_fetcher: Fetching trades for BTC-USDT after 1137614964 before None
2026-01-04 02:19:22,524 [INFO] httpx: HTTP Request: GET https://www.okx.com/api/v5/market/history-trades?instId=BTC-USDT&after=1137614964 "HTTP/2 200 OK"
2026-01-04 02:19:22,525 [INFO] okx_trade_fetcher: Fetching trades for BTC-USDT after 1137614864 before None
2026-01-04 02:19:22,766 [INFO] httpx: HTTP Request: GET https://www.okx.com/api/v5/market/history-trades?instId=BTC-USDT&after=1137614864 "HTTP/2 200 OK"
2026-01-04 02:19:22,767 [INFO] okx_trade_fetcher: Fetching trades for BTC-USDT after 1137614764 before None
2026-01-04 02:19:23,009 [INFO] httpx: HTTP Request: GET https://www.okx.com/api/v5/market/history-trades?instId=BTC-USDT&after=1137614764 "HTTP/2 200 OK"
2026-01-04 02:19:23,010 [INFO] okx_trade_fetcher: Fetching trades for BTC-USDT after 1137614664 before None
